sensor_id,timestamp,nh3,h2s,voc,no2,health_environment
3,2025-01-01T00:00:00,6.84,0.0017,435.42,203.03,Stinky
3,2025-01-01T00:01:00,6.2,0.0036,246.34,106.63,Noticeable
3,2025-01-01T00:02:00,6.82,0.0068,176.76,nan,Fresh
3,2025-01-01T00:03:00,4.13,0.0035,229.41,111.29,Stinky
3,2025-01-01T00:03:00,4.13,0.0035,229.41,111.29,Stinky
3,2025-01-01T00:04:00,7.5,0.0024,254.21,287.52,Stinky
3,2025-01-01T00:05:00,2.14,0.0074,444.32,nan,Fresh
3,2025-01-01T00:06:00,5.83,0.0091,174.28,40.14,Noticeable
3,2025-01-01T00:06:00,5.83,0.0091,174.28,40.14,Noticeable
3,2025-01-01T00:07:00,9.26,0.0088,415.15,297.51,Noticeable
3,2025-01-01T00:08:00,5.94,0.0097,413.45,nan,Fresh
3,2025-01-01T00:09:00,0.81,0.0085,490.5,nan,Stinky
3,2025-01-01T00:09:00,0.81,0.0085,490.5,nan,Stinky
3,2025-01-01T00:10:00,5.42,0.0033,191.46,292.88,Stinky
3,2025-01-01T00:11:00,1.24,0.0063,190.61,140.19,Stinky
3,2025-01-01T00:12:00,9.46,0.002,477.17,nan,Fresh
3,2025-01-01T00:12:00,9.46,0.002,477.17,nan,Fresh
3,2025-01-01T00:13:00,4.18,0.0097,455.01,70.75,Noticeable
3,2025-01-01T00:14:00,3.48,0.0,400.16,298.45,Fresh
3,2025-01-01T00:15:00,4.23,0.008,94.99,292.47,Noticeable
3,2025-01-01T00:15:00,4.23,0.008,94.99,292.47,Noticeable
3,2025-01-01T00:16:00,3.69,0.0063,239.66,73.84,Fresh
3,2025-01-01T00:17:00,9.5,0.0054,541.15,144.67,Noticeable
3,2025-01-01T00:18:00,2.34,0.0055,577.36,nan,Fresh
3,2025-01-01T00:18:00,2.34,0.0055,577.36,nan,Fresh
3,2025-01-01T00:19:00,2.58,0.0064,417.8,216.67,Stinky
3,2025-01-01T00:20:00,4.33,0.0087,588.39,58.84,Stinky
3,2025-01-01T00:21:00,8.39,0.0057,81.01,249.67,Stinky
3,2025-01-01T00:21:00,8.39,0.0057,81.01,249.67,Stinky
3,2025-01-01T00:22:00,3.07,0.0071,100.07,nan,Noticeable
3,2025-01-01T00:23:00,4.36,0.0033,559.88,242.58,Noticeable
3,2025-01-01T00:24:00,5.79,0.0037,312.36,114.25,Stinky
3,2025-01-01T00:24:00,5.79,0.0037,312.36,114.25,Stinky
3,2025-01-01T00:25:00,1.68,0.0015,126.53,nan,Noticeable
3,2025-01-01T00:26:00,5.62,0.0051,219.8,71.05,Fresh
3,2025-01-01T00:27:00,1.66,0.0002,366.42,203.97,Stinky
3,2025-01-01T00:27:00,1.66,0.0002,366.42,203.97,Stinky
3,2025-01-01T00:28:00,5.79,0.0064,327.05,123.55,Fresh
3,2025-01-01T00:29:00,5.96,0.0029,216.59,7.97,Stinky
3,2025-01-01T00:30:00,9.36,0.0076,245.62,44.41,Fresh
3,2025-01-01T00:30:00,9.36,0.0076,245.62,44.41,Fresh
3,2025-01-01T00:31:00,3.17,0.008,570.81,214.0,Stinky
3,2025-01-01T00:32:00,4.09,0.0045,515.63,nan,Fresh
3,2025-01-01T00:33:00,7.82,0.0033,158.54,nan,Fresh
3,2025-01-01T00:33:00,7.82,0.0033,158.54,nan,Fresh
3,2025-01-01T00:34:00,9.13,0.0086,188.47,nan,Noticeable
3,2025-01-01T00:35:00,1.6,0.0064,586.3,124.06,Fresh
3,2025-01-01T00:36:00,2.27,0.0037,471.27,nan,Stinky
3,2025-01-01T00:36:00,2.27,0.0037,471.27,nan,Stinky
3,2025-01-01T00:37:00,3.67,0.0089,398.32,nan,Noticeable
3,2025-01-01T00:38:00,7.48,0.0004,580.9,nan,Noticeable
3,2025-01-01T00:39:00,6.18,0.0097,232.22,218.28,Noticeable
3,2025-01-01T00:39:00,6.18,0.0097,232.22,218.28,Noticeable
3,2025-01-01T00:40:00,9.28,0.0021,328.22,nan,Fresh
3,2025-01-01T00:41:00,4.84,0.0071,425.46,253.38,Fresh
3,2025-01-01T00:42:00,7.6,0.0051,564.65,266.21,Noticeable
3,2025-01-01T00:42:00,7.6,0.0051,564.65,266.21,Noticeable
3,2025-01-01T00:43:00,5.42,0.0062,309.21,nan,Stinky
3,2025-01-01T00:44:00,9.3,0.0028,507.69,126.81,Fresh
3,2025-01-01T00:45:00,1.83,0.0038,98.86,206.19,Stinky
3,2025-01-01T00:45:00,1.83,0.0038,98.86,206.19,Stinky
3,2025-01-01T00:46:00,3.21,0.0072,189.86,14.74,Noticeable
3,2025-01-01T00:47:00,5.72,0.0046,295.46,nan,Fresh
3,2025-01-01T00:48:00,4.62,0.0063,415.01,284.52,Noticeable
3,2025-01-01T00:48:00,4.62,0.0063,415.01,284.52,Noticeable
3,2025-01-01T00:49:00,9.46,0.0029,599.48,190.07,Stinky
3,2025-01-01T00:50:00,9.7,0.0098,411.15,8.33,Noticeable
3,2025-01-01T00:51:00,9.2,0.0057,165.6,42.72,Fresh
3,2025-01-01T00:51:00,9.2,0.0057,165.6,42.72,Fresh
3,2025-01-01T00:52:00,3.48,0.0001,245.8,292.6,Stinky
3,2025-01-01T00:53:00,8.97,0.0021,143.3,16.92,Fresh
3,2025-01-01T00:54:00,5.22,0.006,480.56,nan,Fresh
3,2025-01-01T00:54:00,5.22,0.006,480.56,nan,Fresh
3,2025-01-01T00:55:00,3.47,0.0061,214.96,78.58,Fresh
3,2025-01-01T00:56:00,8.46,0.0063,560.21,133.68,Stinky
3,2025-01-01T00:57:00,1.27,0.0027,247.08,nan,Stinky
3,2025-01-01T00:57:00,1.27,0.0027,247.08,nan,Stinky
3,2025-01-01T00:58:00,3.8,0.0038,236.73,145.99,Noticeable
3,2025-01-01T00:59:00,3.99,0.0027,301.77,213.55,Fresh
3,2025-01-01T01:00:00,5.88,0.0047,223.91,225.28,Noticeable
3,2025-01-01T01:00:00,5.88,0.0047,223.91,225.28,Noticeable
3,2025-01-01T01:01:00,5.39,0.0066,176.55,nan,Noticeable
3,2025-01-01T01:02:00,9.95,0.0067,150.85,211.29,Fresh
3,2025-01-01T01:03:00,3.39,0.0008,81.38,189.87,Noticeable
3,2025-01-01T01:03:00,3.39,0.0008,81.38,189.87,Noticeable
3,2025-01-01T01:04:00,1.34,0.004,168.31,219.84,Stinky
3,2025-01-01T01:05:00,6.75,0.0054,405.27,20.96,Noticeable
3,2025-01-01T01:06:00,7.25,0.0033,189.94,285.36,Noticeable
3,2025-01-01T01:06:00,7.25,0.0033,189.94,285.36,Noticeable
3,2025-01-01T01:07:00,4.86,0.0019,465.58,88.51,Stinky
3,2025-01-01T01:08:00,1.52,0.0084,343.18,224.58,Noticeable
3,2025-01-01T01:09:00,0.2,0.0005,364.76,243.57,Noticeable
3,2025-01-01T01:09:00,0.2,0.0005,364.76,243.57,Noticeable
3,2025-01-01T01:10:00,7.75,0.0011,206.94,180.58,Fresh
3,2025-01-01T01:11:00,9.32,0.0017,242.36,46.79,Noticeable
3,2025-01-01T01:12:00,4.34,0.0059,99.55,nan,Noticeable
3,2025-01-01T01:12:00,4.34,0.0059,99.55,nan,Noticeable
3,2025-01-01T01:13:00,1.83,0.0091,467.06,159.6,Stinky
3,2025-01-01T01:14:00,9.63,0.002,516.09,85.22,Stinky
3,2025-01-01T01:15:00,9.9,0.0029,434.95,206.24,Fresh
3,2025-01-01T01:15:00,9.9,0.0029,434.95,206.24,Fresh
3,2025-01-01T01:16:00,7.25,0.0079,441.0,20.49,Fresh
3,2025-01-01T01:17:00,7.51,0.007,237.2,156.92,Noticeable
3,2025-01-01T01:18:00,0.69,0.0076,245.29,290.33,Stinky
3,2025-01-01T01:18:00,0.69,0.0076,245.29,290.33,Stinky
3,2025-01-01T01:19:00,9.73,0.0008,536.27,103.66,Noticeable
3,2025-01-01T01:20:00,0.24,0.0088,66.19,7.96,Stinky
3,2025-01-01T01:21:00,4.2,0.002,261.41,14.26,Stinky
3,2025-01-01T01:21:00,4.2,0.002,261.41,14.26,Stinky
3,2025-01-01T01:22:00,1.61,0.0077,543.04,238.86,Fresh
3,2025-01-01T01:23:00,9.75,0.001,429.95,129.41,Fresh
3,2025-01-01T01:24:00,1.22,0.0086,209.61,14.8,Fresh
3,2025-01-01T01:24:00,1.22,0.0086,209.61,14.8,Fresh
3,2025-01-01T01:25:00,8.03,0.0058,177.19,12.03,Noticeable
3,2025-01-01T01:26:00,3.13,0.0006,205.46,nan,Stinky
3,2025-01-01T01:27:00,4.41,0.0032,175.52,nan,Fresh
3,2025-01-01T01:27:00,4.41,0.0032,175.52,nan,Fresh
3,2025-01-01T01:28:00,1.78,0.006,459.89,233.65,Noticeable
3,2025-01-01T01:29:00,2.76,0.0083,115.04,275.52,Stinky
3,2025-01-01T01:30:00,1.53,0.004,85.02,256.93,Noticeable
3,2025-01-01T01:30:00,1.53,0.004,85.02,256.93,Noticeable
3,2025-01-01T01:31:00,9.15,0.0005,392.18,188.38,Stinky
3,2025-01-01T01:32:00,1.91,0.0081,530.01,119.07,Fresh
3,2025-01-01T01:33:00,0.48,0.0027,85.29,nan,Stinky
3,2025-01-01T01:33:00,0.48,0.0027,85.29,nan,Stinky
3,2025-01-01T01:34:00,3.38,0.0055,77.78,70.77,Stinky
3,2025-01-01T01:35:00,8.99,0.0022,53.9,219.14,Fresh
3,2025-01-01T01:36:00,8.48,0.0041,199.58,160.74,Noticeable
3,2025-01-01T01:36:00,8.48,0.0041,199.58,160.74,Noticeable
3,2025-01-01T01:37:00,1.81,0.001,215.48,nan,Noticeable
3,2025-01-01T01:38:00,1.85,0.004,222.17,53.47,Stinky
3,2025-01-01T01:39:00,4.82,0.004,341.58,14.29,Fresh
3,2025-01-01T01:39:00,4.82,0.004,341.58,14.29,Fresh
3,2025-01-01T01:40:00,0.45,0.007,269.17,19.03,Stinky
3,2025-01-01T01:41:00,5.25,0.0035,322.97,nan,Stinky
3,2025-01-01T01:42:00,3.9,0.0077,218.6,44.97,Fresh
3,2025-01-01T01:42:00,3.9,0.0077,218.6,44.97,Fresh
3,2025-01-01T01:43:00,8.62,0.0046,362.36,263.8,Noticeable
3,2025-01-01T01:44:00,7.18,0.0041,565.3,nan,Stinky
3,2025-01-01T01:45:00,2.21,0.0032,141.37,69.12,Fresh
3,2025-01-01T01:45:00,2.21,0.0032,141.37,69.12,Fresh
3,2025-01-01T01:46:00,4.17,0.002,127.2,71.13,Stinky
3,2025-01-01T01:47:00,2.89,0.0019,170.39,nan,Fresh
3,2025-01-01T01:48:00,9.14,0.0005,420.75,nan,Fresh
3,2025-01-01T01:48:00,9.14,0.0005,420.75,nan,Fresh
3,2025-01-01T01:49:00,8.79,0.0082,295.71,239.05,Stinky
3,2025-01-01T01:50:00,6.48,0.0071,400.82,96.2,Stinky
3,2025-01-01T01:51:00,4.48,0.0002,317.27,131.04,Fresh
3,2025-01-01T01:51:00,4.48,0.0002,317.27,131.04,Fresh
3,2025-01-01T01:52:00,1.39,0.0058,235.38,200.75,Fresh
3,2025-01-01T01:53:00,3.0,0.0076,280.49,219.42,Stinky
3,2025-01-01T01:54:00,4.38,0.0017,116.38,20.07,Stinky
3,2025-01-01T01:54:00,4.38,0.0017,116.38,20.07,Stinky
3,2025-01-01T01:55:00,4.59,0.0076,151.73,nan,Noticeable
3,2025-01-01T01:56:00,2.1,0.0058,486.83,81.81,Fresh
3,2025-01-01T01:57:00,4.28,0.0098,580.4,96.99,Noticeable
3,2025-01-01T01:57:00,4.28,0.0098,580.4,96.99,Noticeable
3,2025-01-01T01:58:00,2.87,0.0018,198.55,137.97,Stinky
3,2025-01-01T01:59:00,1.66,0.0068,120.06,196.55,Noticeable
3,2025-01-01T02:00:00,0.68,0.0092,308.79,58.09,Stinky
3,2025-01-01T02:00:00,0.68,0.0092,308.79,58.09,Stinky
3,2025-01-01T02:01:00,6.43,0.0047,365.0,nan,Noticeable
3,2025-01-01T02:02:00,3.96,0.0057,581.77,229.91,Fresh
3,2025-01-01T02:03:00,1.21,0.0099,555.73,121.49,Stinky
3,2025-01-01T02:03:00,1.21,0.0099,555.73,121.49,Stinky
3,2025-01-01T02:04:00,9.68,0.0081,464.09,242.72,Noticeable
3,2025-01-01T02:05:00,4.47,0.0087,55.99,160.87,Stinky
3,2025-01-01T02:06:00,8.17,0.0026,87.0,129.15,Stinky
3,2025-01-01T02:06:00,8.17,0.0026,87.0,129.15,Stinky
3,2025-01-01T02:07:00,3.93,0.0038,284.47,186.1,Fresh
3,2025-01-01T02:08:00,4.94,0.0065,150.42,86.47,Noticeable
3,2025-01-01T02:09:00,9.27,0.007,564.23,211.57,Fresh
3,2025-01-01T02:09:00,9.27,0.007,564.23,211.57,Fresh
3,2025-01-01T02:10:00,2.15,0.0019,375.85,257.05,Fresh
3,2025-01-01T02:11:00,9.43,0.0016,555.82,nan,Noticeable
3,2025-01-01T02:12:00,1.51,0.0052,534.04,184.18,Stinky
3,2025-01-01T02:12:00,1.51,0.0052,534.04,184.18,Stinky
3,2025-01-01T02:13:00,8.64,0.0086,253.32,155.63,Fresh
3,2025-01-01T02:14:00,9.56,0.0086,528.03,113.29,Stinky
3,2025-01-01T02:15:00,1.77,0.0046,60.94,79.6,Noticeable
3,2025-01-01T02:15:00,1.77,0.0046,60.94,79.6,Noticeable
3,2025-01-01T02:16:00,0.4,0.0024,169.14,96.47,Stinky
3,2025-01-01T02:17:00,2.76,0.0046,108.4,190.63,Noticeable
3,2025-01-01T02:18:00,4.6,0.008,187.01,6.94,Noticeable
3,2025-01-01T02:18:00,4.6,0.008,187.01,6.94,Noticeable
3,2025-01-01T02:19:00,7.01,0.0,340.95,68.51,Fresh
3,2025-01-01T02:20:00,3.35,0.0004,417.71,284.67,Stinky
3,2025-01-01T02:21:00,2.68,0.0002,139.2,0.0,Fresh
3,2025-01-01T02:21:00,2.68,0.0002,139.2,0.0,Fresh
3,2025-01-01T02:22:00,1.32,0.0062,250.92,nan,Noticeable
3,2025-01-01T02:23:00,3.95,0.0053,569.78,11.09,Fresh
3,2025-01-01T02:24:00,8.83,0.0032,66.66,3.58,Fresh
3,2025-01-01T02:24:00,8.83,0.0032,66.66,3.58,Fresh
3,2025-01-01T02:25:00,0.83,0.0076,105.51,53.06,Noticeable
3,2025-01-01T02:26:00,2.02,0.0003,480.03,168.83,Noticeable
3,2025-01-01T02:27:00,6.62,0.0035,456.2,91.24,Fresh
3,2025-01-01T02:27:00,6.62,0.0035,456.2,91.24,Fresh
3,2025-01-01T02:28:00,1.2,0.009,465.97,nan,Stinky
3,2025-01-01T02:29:00,5.13,0.0086,64.79,293.91,Noticeable
3,2025-01-01T02:30:00,8.19,0.0038,373.67,nan,Stinky
3,2025-01-01T02:30:00,8.19,0.0038,373.67,nan,Stinky
3,2025-01-01T02:31:00,9.71,0.0033,87.63,101.19,Noticeable
3,2025-01-01T02:32:00,0.88,0.0024,378.32,46.18,Stinky
3,2025-01-01T02:33:00,0.79,0.0079,367.02,123.38,Noticeable
3,2025-01-01T02:33:00,0.79,0.0079,367.02,123.38,Noticeable
3,2025-01-01T02:34:00,4.44,0.0011,381.43,254.85,Stinky
3,2025-01-01T02:35:00,9.49,0.0047,599.62,281.05,Stinky
3,2025-01-01T02:36:00,1.06,0.0027,239.76,76.79,Noticeable
3,2025-01-01T02:36:00,1.06,0.0027,239.76,76.79,Noticeable
3,2025-01-01T02:37:00,4.55,0.0042,309.38,17.89,Fresh
3,2025-01-01T02:38:00,7.32,0.0024,64.1,255.63,Stinky
3,2025-01-01T02:39:00,5.26,0.0064,401.54,92.89,Noticeable
3,2025-01-01T02:39:00,5.26,0.0064,401.54,92.89,Noticeable
3,2025-01-01T02:40:00,6.07,0.0044,99.67,127.11,Fresh
3,2025-01-01T02:41:00,4.34,0.0079,549.77,154.32,Fresh
3,2025-01-01T02:42:00,7.01,0.0092,203.99,34.96,Stinky
3,2025-01-01T02:42:00,7.01,0.0092,203.99,34.96,Stinky
3,2025-01-01T02:43:00,1.16,0.0062,158.52,25.35,Noticeable
3,2025-01-01T02:44:00,2.72,0.0096,408.68,88.95,Noticeable
3,2025-01-01T02:45:00,7.75,0.0094,275.39,185.84,Fresh
3,2025-01-01T02:45:00,7.75,0.0094,275.39,185.84,Fresh
3,2025-01-01T02:46:00,3.41,0.0099,305.57,18.98,Fresh
3,2025-01-01T02:47:00,1.79,0.0098,303.48,272.43,Noticeable
3,2025-01-01T02:48:00,5.06,0.0045,78.34,132.29,Noticeable
3,2025-01-01T02:48:00,5.06,0.0045,78.34,132.29,Noticeable
3,2025-01-01T02:49:00,5.51,0.002,423.23,158.46,Noticeable
3,2025-01-01T02:50:00,5.15,0.0084,574.44,271.18,Stinky
3,2025-01-01T02:51:00,2.79,0.0061,160.14,25.63,Fresh
3,2025-01-01T02:51:00,2.79,0.0061,160.14,25.63,Fresh
3,2025-01-01T02:52:00,0.05,0.0001,92.44,160.98,Stinky
3,2025-01-01T02:53:00,6.26,0.0065,76.0,nan,Stinky
3,2025-01-01T02:54:00,0.89,0.0052,550.73,254.5,Noticeable
3,2025-01-01T02:54:00,0.89,0.0052,550.73,254.5,Noticeable
3,2025-01-01T02:55:00,1.4,0.0014,158.51,163.44,Noticeable
3,2025-01-01T02:56:00,9.27,0.0063,453.27,185.75,Stinky
3,2025-01-01T02:57:00,8.36,0.0078,140.18,96.95,Noticeable
3,2025-01-01T02:57:00,8.36,0.0078,140.18,96.95,Noticeable
3,2025-01-01T02:58:00,1.1,0.0018,253.33,75.09,Noticeable
3,2025-01-01T02:59:00,2.74,0.0009,222.0,261.64,Noticeable
3,2025-01-01T03:00:00,5.11,0.0088,311.12,12.78,Noticeable
3,2025-01-01T03:00:00,5.11,0.0088,311.12,12.78,Noticeable
3,2025-01-01T03:01:00,5.23,0.0035,526.96,291.47,Noticeable
3,2025-01-01T03:02:00,7.04,0.009,586.75,110.09,Fresh
3,2025-01-01T03:03:00,6.3,0.0041,103.08,224.74,Fresh
3,2025-01-01T03:03:00,6.3,0.0041,103.08,224.74,Fresh
3,2025-01-01T03:04:00,2.68,0.0026,246.15,nan,Stinky
3,2025-01-01T03:05:00,1.98,0.0004,361.16,126.58,Stinky
3,2025-01-01T03:06:00,0.48,0.0081,232.63,69.44,Fresh
3,2025-01-01T03:06:00,0.48,0.0081,232.63,69.44,Fresh
3,2025-01-01T03:07:00,4.32,0.0087,254.78,nan,Stinky
3,2025-01-01T03:08:00,7.17,0.0057,473.13,135.8,Noticeable
3,2025-01-01T03:09:00,6.78,0.0032,218.57,0.21,Fresh
3,2025-01-01T03:09:00,6.78,0.0032,218.57,0.21,Fresh
3,2025-01-01T03:10:00,5.41,0.0067,536.52,263.8,Noticeable
3,2025-01-01T03:11:00,6.31,0.0078,233.98,268.01,Noticeable
3,2025-01-01T03:12:00,4.83,0.0033,224.48,131.56,Noticeable
3,2025-01-01T03:12:00,4.83,0.0033,224.48,131.56,Noticeable
3,2025-01-01T03:13:00,9.38,0.0037,357.98,nan,Stinky
3,2025-01-01T03:14:00,4.35,0.0044,205.84,118.25,Stinky
3,2025-01-01T03:15:00,4.14,0.0097,427.94,129.42,Fresh
3,2025-01-01T03:15:00,4.14,0.0097,427.94,129.42,Fresh
3,2025-01-01T03:16:00,8.22,0.0069,50.07,125.32,Stinky
3,2025-01-01T03:17:00,2.7,0.0066,273.93,nan,Noticeable
3,2025-01-01T03:18:00,0.87,0.001,55.39,nan,Stinky
3,2025-01-01T03:18:00,0.87,0.001,55.39,nan,Stinky
3,2025-01-01T03:19:00,9.39,0.0081,361.33,14.65,Noticeable
3,2025-01-01T03:20:00,8.13,0.0088,153.03,262.63,Noticeable
3,2025-01-01T03:21:00,6.44,0.006,418.01,13.8,Fresh
3,2025-01-01T03:21:00,6.44,0.006,418.01,13.8,Fresh
3,2025-01-01T03:22:00,1.19,0.0001,230.03,nan,Noticeable
3,2025-01-01T03:23:00,6.46,0.0002,543.51,nan,Stinky
3,2025-01-01T03:24:00,0.65,0.0092,447.36,249.73,Fresh
3,2025-01-01T03:24:00,0.65,0.0092,447.36,249.73,Fresh
3,2025-01-01T03:25:00,9.46,0.002,299.41,nan,Noticeable
3,2025-01-01T03:26:00,6.81,0.0088,291.67,237.08,Stinky
3,2025-01-01T03:27:00,4.88,0.0048,171.68,208.36,Noticeable
3,2025-01-01T03:27:00,4.88,0.0048,171.68,208.36,Noticeable
3,2025-01-01T03:28:00,5.2,0.007,101.22,2.22,Fresh
3,2025-01-01T03:29:00,3.3,0.0022,415.54,nan,Fresh
3,2025-01-01T03:30:00,6.7,0.0058,300.65,nan,Fresh
3,2025-01-01T03:30:00,6.7,0.0058,300.65,nan,Fresh
3,2025-01-01T03:31:00,1.03,0.0013,185.91,21.11,Noticeable
3,2025-01-01T03:32:00,5.48,0.0048,563.05,nan,Stinky
3,2025-01-01T03:33:00,3.98,0.0083,111.79,80.05,Noticeable
3,2025-01-01T03:33:00,3.98,0.0083,111.79,80.05,Noticeable
3,2025-01-01T03:34:00,3.01,0.004,469.07,80.5,Stinky
3,2025-01-01T03:35:00,7.57,0.0019,395.87,252.77,Noticeable
3,2025-01-01T03:36:00,4.14,0.0008,125.52,192.43,Stinky
3,2025-01-01T03:36:00,4.14,0.0008,125.52,192.43,Stinky
3,2025-01-01T03:37:00,9.86,0.0037,367.07,19.0,Noticeable
3,2025-01-01T03:38:00,2.72,0.0014,465.18,86.63,Fresh
3,2025-01-01T03:39:00,3.3,0.0043,565.97,nan,Fresh
3,2025-01-01T03:39:00,3.3,0.0043,565.97,nan,Fresh
3,2025-01-01T03:40:00,5.51,0.0092,474.34,195.49,Fresh
3,2025-01-01T03:41:00,3.97,0.0023,339.24,62.19,Noticeable
3,2025-01-01T03:42:00,7.49,0.0073,188.78,nan,Fresh
3,2025-01-01T03:42:00,7.49,0.0073,188.78,nan,Fresh
3,2025-01-01T03:43:00,8.03,0.0024,397.69,110.24,Stinky
3,2025-01-01T03:44:00,4.57,0.0038,196.92,117.57,Fresh
3,2025-01-01T03:45:00,5.49,0.0036,533.91,nan,Fresh
3,2025-01-01T03:45:00,5.49,0.0036,533.91,nan,Fresh
3,2025-01-01T03:46:00,0.57,0.0069,81.41,nan,Fresh
3,2025-01-01T03:47:00,9.25,0.0089,303.54,298.13,Fresh
3,2025-01-01T03:48:00,6.85,0.0092,62.31,48.01,Fresh
3,2025-01-01T03:48:00,6.85,0.0092,62.31,48.01,Fresh
3,2025-01-01T03:49:00,3.53,0.0033,99.49,32.03,Stinky
3,2025-01-01T03:50:00,4.01,0.0028,148.03,32.47,Stinky
3,2025-01-01T03:51:00,2.76,0.0046,51.05,137.49,Noticeable
3,2025-01-01T03:51:00,2.76,0.0046,51.05,137.49,Noticeable
3,2025-01-01T03:52:00,1.29,0.0025,372.28,229.42,Fresh
3,2025-01-01T03:53:00,3.31,0.0011,336.6,231.18,Stinky
3,2025-01-01T03:54:00,2.23,0.007,508.1,95.97,Noticeable
3,2025-01-01T03:54:00,2.23,0.007,508.1,95.97,Noticeable
3,2025-01-01T03:55:00,4.44,0.0016,364.4,56.06,Stinky
3,2025-01-01T03:56:00,8.2,0.0097,106.6,nan,Noticeable
3,2025-01-01T03:57:00,6.48,0.0069,542.74,81.34,Stinky
3,2025-01-01T03:57:00,6.48,0.0069,542.74,81.34,Stinky
3,2025-01-01T03:58:00,9.58,0.0044,590.05,nan,Stinky
3,2025-01-01T03:59:00,2.73,0.0059,380.09,nan,Noticeable
3,2025-01-01T04:00:00,9.93,0.0037,309.25,44.39,Noticeable
3,2025-01-01T04:00:00,9.93,0.0037,309.25,44.39,Noticeable
3,2025-01-01T04:01:00,9.13,0.004,498.43,148.64,Fresh
3,2025-01-01T04:02:00,4.17,0.0003,319.76,236.47,Noticeable
3,2025-01-01T04:03:00,9.84,0.007,496.85,280.99,Noticeable
3,2025-01-01T04:03:00,9.84,0.007,496.85,280.99,Noticeable
3,2025-01-01T04:04:00,1.46,0.0011,394.33,181.21,Fresh
3,2025-01-01T04:05:00,0.28,0.0043,257.2,10.71,Stinky
3,2025-01-01T04:06:00,3.28,0.007,203.49,191.27,Noticeable
3,2025-01-01T04:06:00,3.28,0.007,203.49,191.27,Noticeable
3,2025-01-01T04:07:00,6.74,0.0078,334.77,nan,Stinky
3,2025-01-01T04:08:00,3.45,0.0097,535.67,159.42,Noticeable
3,2025-01-01T04:09:00,0.99,0.0059,222.03,280.2,Noticeable
3,2025-01-01T04:09:00,0.99,0.0059,222.03,280.2,Noticeable
3,2025-01-01T04:10:00,8.45,0.0022,361.95,9.32,Stinky
3,2025-01-01T04:11:00,8.52,0.0091,209.3,138.05,Fresh
3,2025-01-01T04:12:00,9.73,0.0031,162.39,212.06,Noticeable
3,2025-01-01T04:12:00,9.73,0.0031,162.39,212.06,Noticeable
3,2025-01-01T04:13:00,3.26,0.001,354.59,121.05,Stinky
3,2025-01-01T04:14:00,4.6,0.009,190.23,224.72,Fresh
3,2025-01-01T04:15:00,0.01,0.0062,342.87,11.93,Noticeable
3,2025-01-01T04:15:00,0.01,0.0062,342.87,11.93,Noticeable
3,2025-01-01T04:16:00,5.77,0.0088,571.92,127.34,Fresh
3,2025-01-01T04:17:00,9.35,0.0037,288.19,186.48,Stinky
3,2025-01-01T04:18:00,0.87,0.0024,217.18,nan,Stinky
3,2025-01-01T04:18:00,0.87,0.0024,217.18,nan,Stinky
3,2025-01-01T04:19:00,8.33,0.001,498.17,272.77,Stinky
3,2025-01-01T04:20:00,9.14,0.0066,586.04,184.61,Noticeable
3,2025-01-01T04:21:00,3.48,0.0097,119.46,86.4,Noticeable
3,2025-01-01T04:21:00,3.48,0.0097,119.46,86.4,Noticeable
3,2025-01-01T04:22:00,5.51,0.0073,462.79,114.55,Noticeable
3,2025-01-01T04:23:00,6.6,0.0032,438.26,23.75,Noticeable
3,2025-01-01T04:24:00,4.56,0.0015,134.01,209.28,Fresh
3,2025-01-01T04:24:00,4.56,0.0015,134.01,209.28,Fresh
3,2025-01-01T04:25:00,0.48,0.0027,303.04,298.77,Fresh
3,2025-01-01T04:26:00,1.48,0.0014,386.75,186.37,Fresh
3,2025-01-01T04:27:00,7.94,0.0073,568.52,nan,Fresh
3,2025-01-01T04:27:00,7.94,0.0073,568.52,nan,Fresh
3,2025-01-01T04:28:00,8.3,0.0049,382.0,72.74,Noticeable
3,2025-01-01T04:29:00,8.02,0.0083,245.12,60.91,Noticeable
3,2025-01-01T04:30:00,4.62,0.0023,101.39,110.42,Stinky
3,2025-01-01T04:30:00,4.62,0.0023,101.39,110.42,Stinky
3,2025-01-01T04:31:00,8.32,0.0008,106.94,201.39,Stinky
3,2025-01-01T04:32:00,1.31,0.0018,140.04,nan,Stinky
3,2025-01-01T04:33:00,8.88,0.0061,104.87,159.34,Noticeable
3,2025-01-01T04:33:00,8.88,0.0061,104.87,159.34,Noticeable
3,2025-01-01T04:34:00,5.69,0.007,52.38,nan,Noticeable
3,2025-01-01T04:35:00,0.35,0.006,495.43,nan,Fresh
3,2025-01-01T04:36:00,7.94,0.008,507.81,50.84,Noticeable
3,2025-01-01T04:36:00,7.94,0.008,507.81,50.84,Noticeable
3,2025-01-01T04:37:00,4.23,0.0001,490.16,268.07,Stinky
3,2025-01-01T04:38:00,7.34,0.0002,329.26,172.74,Noticeable
3,2025-01-01T04:39:00,0.42,0.0052,137.26,22.32,Noticeable
3,2025-01-01T04:39:00,0.42,0.0052,137.26,22.32,Noticeable
3,2025-01-01T04:40:00,3.26,0.001,354.43,269.1,Fresh
3,2025-01-01T04:41:00,9.25,0.0058,98.12,230.93,Fresh
3,2025-01-01T04:42:00,2.44,0.0051,397.14,12.64,Noticeable
3,2025-01-01T04:42:00,2.44,0.0051,397.14,12.64,Noticeable
3,2025-01-01T04:43:00,0.49,0.0075,238.08,171.95,Stinky
3,2025-01-01T04:44:00,8.54,0.0085,146.78,270.97,Stinky
3,2025-01-01T04:45:00,1.11,0.0083,395.97,115.81,Stinky
3,2025-01-01T04:45:00,1.11,0.0083,395.97,115.81,Stinky
3,2025-01-01T04:46:00,9.74,0.0033,459.49,81.15,Stinky
3,2025-01-01T04:47:00,5.86,0.0073,448.91,nan,Fresh
3,2025-01-01T04:48:00,5.91,0.0007,386.53,136.58,Stinky
3,2025-01-01T04:48:00,5.91,0.0007,386.53,136.58,Stinky
3,2025-01-01T04:49:00,8.2,0.0063,456.11,nan,Noticeable
3,2025-01-01T04:50:00,0.44,0.0061,252.11,143.16,Stinky
3,2025-01-01T04:51:00,1.25,0.0044,101.68,204.65,Noticeable
3,2025-01-01T04:51:00,1.25,0.0044,101.68,204.65,Noticeable
3,2025-01-01T04:52:00,0.17,0.0001,178.85,36.51,Stinky
3,2025-01-01T04:53:00,5.04,0.0029,101.35,42.0,Fresh
3,2025-01-01T04:54:00,9.95,0.0006,387.33,128.02,Noticeable
3,2025-01-01T04:54:00,9.95,0.0006,387.33,128.02,Noticeable
3,2025-01-01T04:55:00,6.53,0.0031,235.74,106.25,Noticeable
3,2025-01-01T04:56:00,3.18,0.0027,177.82,43.79,Stinky
3,2025-01-01T04:57:00,1.21,0.0092,232.59,131.98,Stinky
3,2025-01-01T04:57:00,1.21,0.0092,232.59,131.98,Stinky
3,2025-01-01T04:58:00,7.44,0.009,181.57,122.73,Stinky
3,2025-01-01T04:59:00,1.28,0.0097,514.07,54.25,Stinky
3,2025-01-01T05:00:00,0.96,0.0048,510.85,241.03,Stinky
3,2025-01-01T05:00:00,0.96,0.0048,510.85,241.03,Stinky
3,2025-01-01T05:01:00,9.87,0.0088,120.6,230.73,Stinky
3,2025-01-01T05:02:00,9.62,0.0002,290.78,235.11,Stinky
3,2025-01-01T05:03:00,9.64,0.004,370.63,11.48,Stinky
3,2025-01-01T05:03:00,9.64,0.004,370.63,11.48,Stinky
3,2025-01-01T05:04:00,3.1,0.0063,416.82,78.05,Stinky
3,2025-01-01T05:05:00,0.54,0.0053,130.45,267.88,Fresh
3,2025-01-01T05:06:00,2.45,0.0048,581.41,nan,Noticeable
3,2025-01-01T05:06:00,2.45,0.0048,581.41,nan,Noticeable
3,2025-01-01T05:07:00,1.46,0.003,174.83,10.55,Noticeable
3,2025-01-01T05:08:00,6.34,0.001,342.68,135.11,Noticeable
3,2025-01-01T05:09:00,8.58,0.0013,102.77,132.57,Noticeable
3,2025-01-01T05:09:00,8.58,0.0013,102.77,132.57,Noticeable
3,2025-01-01T05:10:00,6.75,0.0013,295.3,87.98,Noticeable
3,2025-01-01T05:11:00,6.86,0.0022,485.76,nan,Fresh
3,2025-01-01T05:12:00,7.09,0.0079,401.23,101.9,Fresh
3,2025-01-01T05:12:00,7.09,0.0079,401.23,101.9,Fresh
3,2025-01-01T05:13:00,5.23,0.0099,67.07,41.1,Noticeable
3,2025-01-01T05:14:00,1.02,0.0024,522.44,287.03,Fresh
3,2025-01-01T05:15:00,4.64,0.0055,331.81,nan,Stinky
3,2025-01-01T05:15:00,4.64,0.0055,331.81,nan,Stinky
3,2025-01-01T05:16:00,1.4,0.0097,318.89,nan,Fresh
3,2025-01-01T05:17:00,0.29,0.0099,312.6,264.68,Fresh
3,2025-01-01T05:18:00,8.49,0.0001,126.74,nan,Noticeable
3,2025-01-01T05:18:00,8.49,0.0001,126.74,nan,Noticeable
3,2025-01-01T05:19:00,6.04,0.0065,548.58,214.47,Noticeable
3,2025-01-01T05:20:00,7.38,0.0086,240.54,193.21,Noticeable
3,2025-01-01T05:21:00,1.38,0.0065,194.31,nan,Fresh
3,2025-01-01T05:21:00,1.38,0.0065,194.31,nan,Fresh
3,2025-01-01T05:22:00,7.53,0.0087,527.23,241.2,Noticeable
3,2025-01-01T05:23:00,6.63,0.0086,106.62,136.64,Fresh
3,2025-01-01T05:24:00,4.05,0.0041,479.43,nan,Fresh
3,2025-01-01T05:24:00,4.05,0.0041,479.43,nan,Fresh
3,2025-01-01T05:25:00,9.98,0.003,457.89,151.94,Stinky
3,2025-01-01T05:26:00,5.01,0.0076,127.02,241.34,Noticeable
3,2025-01-01T05:27:00,1.07,0.0028,244.78,nan,Stinky
3,2025-01-01T05:27:00,1.07,0.0028,244.78,nan,Stinky
3,2025-01-01T05:28:00,7.91,0.0006,419.78,272.9,Noticeable
3,2025-01-01T05:29:00,8.87,0.0062,228.74,nan,Fresh
3,2025-01-01T05:30:00,4.63,0.0025,214.49,208.42,Stinky
3,2025-01-01T05:30:00,4.63,0.0025,214.49,208.42,Stinky
3,2025-01-01T05:31:00,9.48,0.0,218.47,29.3,Noticeable
3,2025-01-01T05:32:00,8.21,0.0063,557.66,93.6,Stinky
3,2025-01-01T05:33:00,9.72,0.0019,216.07,149.48,Stinky
3,2025-01-01T05:33:00,9.72,0.0019,216.07,149.48,Stinky
3,2025-01-01T05:34:00,1.23,0.0,65.72,30.09,Noticeable
3,2025-01-01T05:35:00,2.38,0.0012,105.23,200.7,Stinky
3,2025-01-01T05:36:00,1.41,0.0097,125.94,4.96,Fresh
3,2025-01-01T05:36:00,1.41,0.0097,125.94,4.96,Fresh
3,2025-01-01T05:37:00,7.13,0.0083,219.02,67.63,Stinky
3,2025-01-01T05:38:00,5.97,0.0023,583.85,127.5,Stinky
3,2025-01-01T05:39:00,3.13,0.0077,302.24,235.75,Stinky
3,2025-01-01T05:39:00,3.13,0.0077,302.24,235.75,Stinky
3,2025-01-01T05:40:00,5.13,0.0045,429.55,154.27,Stinky
3,2025-01-01T05:41:00,8.64,0.0008,220.9,64.64,Fresh
3,2025-01-01T05:42:00,7.39,0.0081,457.33,39.12,Fresh
3,2025-01-01T05:42:00,7.39,0.0081,457.33,39.12,Fresh
3,2025-01-01T05:43:00,0.19,0.0001,256.12,nan,Noticeable
3,2025-01-01T05:44:00,2.8,0.0074,526.92,151.01,Fresh
3,2025-01-01T05:45:00,4.44,0.0002,291.43,294.42,Stinky
3,2025-01-01T05:45:00,4.44,0.0002,291.43,294.42,Stinky
3,2025-01-01T05:46:00,9.16,0.0059,207.89,96.74,Fresh
3,2025-01-01T05:47:00,1.8,0.0026,97.24,33.12,Fresh
3,2025-01-01T05:48:00,5.07,0.0088,203.82,177.32,Stinky
3,2025-01-01T05:48:00,5.07,0.0088,203.82,177.32,Stinky
3,2025-01-01T05:49:00,1.92,0.0008,585.62,265.94,Fresh
3,2025-01-01T05:50:00,7.59,0.0074,125.71,131.84,Fresh
3,2025-01-01T05:51:00,8.88,0.0086,214.18,214.19,Fresh
3,2025-01-01T05:51:00,8.88,0.0086,214.18,214.19,Fresh
3,2025-01-01T05:52:00,4.82,0.0023,126.97,nan,Stinky
3,2025-01-01T05:53:00,8.5,0.0019,65.5,nan,Fresh
3,2025-01-01T05:54:00,7.1,0.0038,426.46,201.61,Stinky
3,2025-01-01T05:54:00,7.1,0.0038,426.46,201.61,Stinky
3,2025-01-01T05:55:00,7.16,0.0054,263.61,183.51,Noticeable
3,2025-01-01T05:56:00,3.7,0.0079,147.09,125.83,Fresh
3,2025-01-01T05:57:00,8.19,0.0062,54.38,238.58,Stinky
3,2025-01-01T05:57:00,8.19,0.0062,54.38,238.58,Stinky
3,2025-01-01T05:58:00,9.47,0.0076,249.86,187.76,Noticeable
3,2025-01-01T05:59:00,8.22,0.0023,536.78,nan,Fresh
3,2025-01-01T06:00:00,2.13,0.0074,439.65,48.94,Noticeable
3,2025-01-01T06:00:00,2.13,0.0074,439.65,48.94,Noticeable
3,2025-01-01T06:01:00,3.72,0.0064,388.54,nan,Fresh
3,2025-01-01T06:02:00,3.92,0.006,330.04,207.09,Fresh
3,2025-01-01T06:03:00,7.14,0.0048,254.67,48.16,Noticeable
3,2025-01-01T06:03:00,7.14,0.0048,254.67,48.16,Noticeable
3,2025-01-01T06:04:00,6.1,0.0093,141.9,176.37,Noticeable
3,2025-01-01T06:05:00,6.95,0.0071,481.16,284.88,Stinky
3,2025-01-01T06:06:00,2.04,0.0046,187.04,157.91,Stinky
3,2025-01-01T06:06:00,2.04,0.0046,187.04,157.91,Stinky
3,2025-01-01T06:07:00,7.28,0.0013,513.06,235.15,Stinky
3,2025-01-01T06:08:00,9.24,0.0001,537.67,201.73,Stinky
3,2025-01-01T06:09:00,1.64,0.009,306.23,20.38,Noticeable
3,2025-01-01T06:09:00,1.64,0.009,306.23,20.38,Noticeable
3,2025-01-01T06:10:00,1.36,0.0093,403.93,150.21,Fresh
3,2025-01-01T06:11:00,0.36,0.0058,59.23,271.45,Stinky
3,2025-01-01T06:12:00,8.54,0.0003,271.25,nan,Fresh
3,2025-01-01T06:12:00,8.54,0.0003,271.25,nan,Fresh
3,2025-01-01T06:13:00,0.7,0.0036,537.06,109.68,Fresh
3,2025-01-01T06:14:00,0.65,0.0033,212.39,nan,Noticeable
3,2025-01-01T06:15:00,8.59,0.006,456.17,71.94,Stinky
3,2025-01-01T06:15:00,8.59,0.006,456.17,71.94,Stinky
3,2025-01-01T06:16:00,3.71,0.0019,418.28,243.37,Stinky
3,2025-01-01T06:17:00,9.46,0.0029,174.11,202.53,Noticeable
3,2025-01-01T06:18:00,9.68,0.0056,167.86,94.59,Noticeable
3,2025-01-01T06:18:00,9.68,0.0056,167.86,94.59,Noticeable
3,2025-01-01T06:19:00,6.21,0.0042,204.43,89.97,Noticeable
3,2025-01-01T06:20:00,9.34,0.0003,449.21,nan,Stinky
3,2025-01-01T06:21:00,8.08,0.0058,235.04,202.31,Stinky
3,2025-01-01T06:21:00,8.08,0.0058,235.04,202.31,Stinky
3,2025-01-01T06:22:00,2.31,0.0036,196.9,114.63,Fresh
3,2025-01-01T06:23:00,7.33,0.0042,170.93,208.85,Fresh
3,2025-01-01T06:24:00,4.95,0.0057,405.06,197.71,Stinky
3,2025-01-01T06:24:00,4.95,0.0057,405.06,197.71,Stinky
3,2025-01-01T06:25:00,6.03,0.0065,127.93,257.82,Noticeable
3,2025-01-01T06:26:00,8.62,0.0095,374.44,158.41,Stinky
3,2025-01-01T06:27:00,8.17,0.005,113.88,44.58,Stinky
3,2025-01-01T06:27:00,8.17,0.005,113.88,44.58,Stinky
3,2025-01-01T06:28:00,9.64,0.0073,196.43,51.41,Noticeable
3,2025-01-01T06:29:00,5.39,0.0043,433.86,282.36,Noticeable
3,2025-01-01T06:30:00,5.17,0.01,299.36,19.08,Fresh
3,2025-01-01T06:30:00,5.17,0.01,299.36,19.08,Fresh
3,2025-01-01T06:31:00,2.06,0.0046,314.29,80.15,Fresh
3,2025-01-01T06:32:00,4.48,0.0007,521.07,0.22,Noticeable
3,2025-01-01T06:33:00,6.64,0.0071,219.13,76.28,Noticeable
3,2025-01-01T06:33:00,6.64,0.0071,219.13,76.28,Noticeable
3,2025-01-01T06:34:00,8.42,0.0007,99.01,295.44,Noticeable
3,2025-01-01T06:35:00,6.92,0.0017,540.28,275.14,Stinky
3,2025-01-01T06:36:00,1.64,0.0093,401.4,nan,Stinky
3,2025-01-01T06:36:00,1.64,0.0093,401.4,nan,Stinky
3,2025-01-01T06:37:00,6.45,0.001,61.24,226.49,Noticeable
3,2025-01-01T06:38:00,3.72,0.008,308.41,51.06,Fresh
3,2025-01-01T06:39:00,8.98,0.0048,518.96,299.54,Fresh
3,2025-01-01T06:39:00,8.98,0.0048,518.96,299.54,Fresh
3,2025-01-01T06:40:00,5.16,0.009,521.25,139.17,Noticeable
3,2025-01-01T06:41:00,0.61,0.008,468.93,247.41,Fresh
3,2025-01-01T06:42:00,6.25,0.0057,158.35,nan,Stinky
3,2025-01-01T06:42:00,6.25,0.0057,158.35,nan,Stinky
3,2025-01-01T06:43:00,2.66,0.0094,357.06,nan,Stinky
3,2025-01-01T06:44:00,1.19,0.0025,356.19,nan,Noticeable
3,2025-01-01T06:45:00,9.41,0.0029,148.71,41.29,Fresh
3,2025-01-01T06:45:00,9.41,0.0029,148.71,41.29,Fresh
3,2025-01-01T06:46:00,5.15,0.0014,529.03,nan,Stinky
3,2025-01-01T06:47:00,1.75,0.0075,286.9,276.24,Noticeable
3,2025-01-01T06:48:00,8.71,0.0,405.47,235.04,Stinky
3,2025-01-01T06:48:00,8.71,0.0,405.47,235.04,Stinky
3,2025-01-01T06:49:00,8.8,0.0072,553.24,134.58,Noticeable
3,2025-01-01T06:50:00,3.66,0.0012,196.69,nan,Noticeable
3,2025-01-01T06:51:00,2.43,0.0058,561.63,nan,Stinky
3,2025-01-01T06:51:00,2.43,0.0058,561.63,nan,Stinky
3,2025-01-01T06:52:00,0.37,0.0059,339.62,187.02,Noticeable
3,2025-01-01T06:53:00,0.75,0.0098,194.36,46.35,Noticeable
3,2025-01-01T06:54:00,6.11,0.0099,460.92,29.11,Fresh
3,2025-01-01T06:54:00,6.11,0.0099,460.92,29.11,Fresh
3,2025-01-01T06:55:00,5.09,0.0021,385.24,84.9,Noticeable
3,2025-01-01T06:56:00,9.5,0.01,152.2,nan,Stinky
3,2025-01-01T06:57:00,4.0,0.0026,407.72,79.74,Fresh
3,2025-01-01T06:57:00,4.0,0.0026,407.72,79.74,Fresh
3,2025-01-01T06:58:00,2.5,0.0069,161.51,242.91,Fresh
3,2025-01-01T06:59:00,5.0,0.003,346.98,nan,Noticeable
3,2025-01-01T07:00:00,9.81,0.0059,364.33,nan,Noticeable
3,2025-01-01T07:00:00,9.81,0.0059,364.33,nan,Noticeable
3,2025-01-01T07:01:00,3.39,0.0067,74.6,nan,Stinky
3,2025-01-01T07:02:00,2.22,0.0025,111.68,279.8,Noticeable
3,2025-01-01T07:03:00,6.99,0.0016,131.8,18.0,Stinky
3,2025-01-01T07:03:00,6.99,0.0016,131.8,18.0,Stinky
3,2025-01-01T07:04:00,3.7,0.0037,197.74,94.81,Stinky
3,2025-01-01T07:05:00,1.87,0.0061,484.34,6.94,Noticeable
3,2025-01-01T07:06:00,9.08,0.0038,353.28,71.67,Stinky
3,2025-01-01T07:06:00,9.08,0.0038,353.28,71.67,Stinky
3,2025-01-01T07:07:00,4.29,0.0047,559.25,167.48,Stinky
3,2025-01-01T07:08:00,8.71,0.0067,299.6,124.47,Stinky
3,2025-01-01T07:09:00,2.28,0.0021,506.32,227.73,Stinky
3,2025-01-01T07:09:00,2.28,0.0021,506.32,227.73,Stinky
3,2025-01-01T07:10:00,8.48,0.0031,596.05,nan,Stinky
3,2025-01-01T07:11:00,3.55,0.0033,334.59,266.83,Stinky
3,2025-01-01T07:12:00,7.7,0.008,419.9,146.74,Noticeable
3,2025-01-01T07:12:00,7.7,0.008,419.9,146.74,Noticeable
3,2025-01-01T07:13:00,4.81,0.0049,350.42,257.48,Fresh
3,2025-01-01T07:14:00,2.59,0.0017,104.92,nan,Noticeable
3,2025-01-01T07:15:00,2.91,0.0021,576.34,227.96,Fresh
3,2025-01-01T07:15:00,2.91,0.0021,576.34,227.96,Fresh
3,2025-01-01T07:16:00,1.66,0.009,426.18,282.48,Noticeable
3,2025-01-01T07:17:00,7.41,0.0077,91.09,233.72,Stinky
3,2025-01-01T07:18:00,8.69,0.0037,172.12,85.98,Fresh
3,2025-01-01T07:18:00,8.69,0.0037,172.12,85.98,Fresh
3,2025-01-01T07:19:00,9.27,0.0082,537.93,190.75,Noticeable
3,2025-01-01T07:20:00,9.6,0.0003,465.5,171.84,Stinky
3,2025-01-01T07:21:00,7.51,0.0095,397.02,292.52,Noticeable
3,2025-01-01T07:21:00,7.51,0.0095,397.02,292.52,Noticeable
3,2025-01-01T07:22:00,1.88,0.0044,227.39,nan,Noticeable
3,2025-01-01T07:23:00,2.0,0.002,471.91,124.44,Noticeable
3,2025-01-01T07:24:00,1.85,0.0023,326.73,176.02,Noticeable
3,2025-01-01T07:24:00,1.85,0.0023,326.73,176.02,Noticeable
3,2025-01-01T07:25:00,1.87,0.0021,232.98,126.86,Fresh
3,2025-01-01T07:26:00,1.94,0.0053,582.19,1.8,Fresh
3,2025-01-01T07:27:00,1.51,0.0048,122.76,183.04,Noticeable
3,2025-01-01T07:27:00,1.51,0.0048,122.76,183.04,Noticeable
3,2025-01-01T07:28:00,3.03,0.0095,352.13,277.18,Noticeable
3,2025-01-01T07:29:00,5.85,0.0054,415.0,158.79,Stinky
3,2025-01-01T07:30:00,4.81,0.0034,254.38,247.99,Noticeable
3,2025-01-01T07:30:00,4.81,0.0034,254.38,247.99,Noticeable
3,2025-01-01T07:31:00,8.34,0.0016,50.47,54.07,Noticeable
3,2025-01-01T07:32:00,1.39,0.0041,122.68,259.2,Noticeable
3,2025-01-01T07:33:00,1.31,0.0052,57.14,196.03,Stinky
3,2025-01-01T07:33:00,1.31,0.0052,57.14,196.03,Stinky
3,2025-01-01T07:34:00,6.36,0.0073,413.91,13.35,Noticeable
3,2025-01-01T07:35:00,9.06,0.0079,59.4,nan,Stinky
3,2025-01-01T07:36:00,3.11,0.0033,388.39,36.15,Fresh
3,2025-01-01T07:36:00,3.11,0.0033,388.39,36.15,Fresh
3,2025-01-01T07:37:00,0.59,0.0035,558.61,nan,Noticeable
3,2025-01-01T07:38:00,4.74,0.0077,219.88,78.01,Fresh
3,2025-01-01T07:39:00,9.14,0.0012,174.12,nan,Stinky
3,2025-01-01T07:39:00,9.14,0.0012,174.12,nan,Stinky
3,2025-01-01T07:40:00,5.35,0.0065,424.6,199.92,Noticeable
3,2025-01-01T07:41:00,9.96,0.0086,462.91,118.38,Noticeable
3,2025-01-01T07:42:00,6.0,0.0068,383.53,30.46,Noticeable
3,2025-01-01T07:42:00,6.0,0.0068,383.53,30.46,Noticeable
3,2025-01-01T07:43:00,6.77,0.0014,276.77,286.02,Noticeable
3,2025-01-01T07:44:00,5.0,0.0033,508.29,139.48,Noticeable
3,2025-01-01T07:45:00,1.89,0.0036,381.16,nan,Stinky
3,2025-01-01T07:45:00,1.89,0.0036,381.16,nan,Stinky
3,2025-01-01T07:46:00,2.17,0.0073,139.9,83.88,Stinky
3,2025-01-01T07:47:00,6.04,0.0039,200.28,240.86,Stinky
3,2025-01-01T07:48:00,2.74,0.0052,251.82,nan,Noticeable
3,2025-01-01T07:48:00,2.74,0.0052,251.82,nan,Noticeable
3,2025-01-01T07:49:00,1.88,0.002,313.59,184.24,Stinky
3,2025-01-01T07:50:00,9.14,0.0086,526.54,271.7,Fresh
3,2025-01-01T07:51:00,9.47,0.0061,595.75,81.69,Noticeable
3,2025-01-01T07:51:00,9.47,0.0061,595.75,81.69,Noticeable
3,2025-01-01T07:52:00,9.27,0.0039,361.23,31.28,Fresh
3,2025-01-01T07:53:00,2.69,0.0087,361.38,nan,Stinky
3,2025-01-01T07:54:00,0.32,0.0088,84.84,218.74,Stinky
3,2025-01-01T07:54:00,0.32,0.0088,84.84,218.74,Stinky
3,2025-01-01T07:55:00,3.75,0.0006,66.87,127.81,Fresh
3,2025-01-01T07:56:00,9.78,0.0042,380.58,nan,Noticeable
3,2025-01-01T07:57:00,3.97,0.0097,125.47,nan,Noticeable
3,2025-01-01T07:57:00,3.97,0.0097,125.47,nan,Noticeable
3,2025-01-01T07:58:00,4.29,0.004,51.32,nan,Fresh
3,2025-01-01T07:59:00,3.99,0.0062,230.66,139.12,Fresh
3,2025-01-01T08:00:00,7.35,0.0085,187.74,81.85,Fresh
3,2025-01-01T08:00:00,7.35,0.0085,187.74,81.85,Fresh
3,2025-01-01T08:01:00,5.73,0.0093,493.47,258.97,Noticeable
3,2025-01-01T08:02:00,2.63,0.0064,584.29,nan,Stinky
3,2025-01-01T08:03:00,5.59,0.0058,156.33,nan,Fresh
3,2025-01-01T08:03:00,5.59,0.0058,156.33,nan,Fresh
3,2025-01-01T08:04:00,8.77,0.0045,272.14,62.8,Fresh
3,2025-01-01T08:05:00,6.34,0.0034,143.68,269.02,Fresh
3,2025-01-01T08:06:00,3.59,0.0045,160.55,nan,Stinky
3,2025-01-01T08:06:00,3.59,0.0045,160.55,nan,Stinky
3,2025-01-01T08:07:00,2.9,0.0049,115.08,16.18,Noticeable
3,2025-01-01T08:08:00,4.66,0.0087,565.38,15.92,Fresh
3,2025-01-01T08:09:00,1.82,0.0087,433.03,153.17,Fresh
3,2025-01-01T08:09:00,1.82,0.0087,433.03,153.17,Fresh
3,2025-01-01T08:10:00,7.82,0.0089,240.42,nan,Fresh
3,2025-01-01T08:11:00,4.28,0.0095,96.19,nan,Fresh
3,2025-01-01T08:12:00,3.57,0.0039,97.73,144.62,Fresh
3,2025-01-01T08:12:00,3.57,0.0039,97.73,144.62,Fresh
3,2025-01-01T08:13:00,4.41,0.0021,554.61,165.52,Noticeable
3,2025-01-01T08:14:00,1.8,0.0065,471.85,nan,Stinky
3,2025-01-01T08:15:00,4.48,0.0091,410.5,242.08,Noticeable
3,2025-01-01T08:15:00,4.48,0.0091,410.5,242.08,Noticeable
3,2025-01-01T08:16:00,7.34,0.0054,568.21,nan,Stinky
3,2025-01-01T08:17:00,4.76,0.0029,454.79,176.12,Fresh
3,2025-01-01T08:18:00,5.37,0.0014,580.29,26.91,Noticeable
3,2025-01-01T08:18:00,5.37,0.0014,580.29,26.91,Noticeable
3,2025-01-01T08:19:00,1.07,0.0047,580.57,130.12,Fresh
3,2025-01-01T08:20:00,2.65,0.0081,548.51,nan,Fresh
3,2025-01-01T08:21:00,4.26,0.0008,531.62,169.11,Fresh
3,2025-01-01T08:21:00,4.26,0.0008,531.62,169.11,Fresh
3,2025-01-01T08:22:00,8.14,0.0069,225.25,61.58,Noticeable
3,2025-01-01T08:23:00,0.77,0.0063,59.33,20.56,Fresh
3,2025-01-01T08:24:00,6.06,0.0087,562.57,12.47,Fresh
3,2025-01-01T08:24:00,6.06,0.0087,562.57,12.47,Fresh
3,2025-01-01T08:25:00,6.63,0.0041,257.58,105.29,Noticeable
3,2025-01-01T08:26:00,6.9,0.003,565.83,221.77,Stinky
3,2025-01-01T08:27:00,5.68,0.0077,423.18,291.67,Fresh
3,2025-01-01T08:27:00,5.68,0.0077,423.18,291.67,Fresh
3,2025-01-01T08:28:00,0.39,0.0018,266.66,95.09,Fresh
3,2025-01-01T08:29:00,7.86,0.0078,270.49,114.1,Stinky
3,2025-01-01T08:30:00,8.69,0.0054,432.63,176.92,Fresh
3,2025-01-01T08:30:00,8.69,0.0054,432.63,176.92,Fresh
3,2025-01-01T08:31:00,7.83,0.008,261.86,174.46,Fresh
3,2025-01-01T08:32:00,7.57,0.0077,541.41,243.08,Stinky
3,2025-01-01T08:33:00,9.62,0.0007,587.94,72.62,Stinky
3,2025-01-01T08:33:00,9.62,0.0007,587.94,72.62,Stinky
3,2025-01-01T08:34:00,9.43,0.0062,57.17,nan,Stinky
3,2025-01-01T08:35:00,2.97,0.009,436.67,19.04,Fresh
3,2025-01-01T08:36:00,3.08,0.003,266.22,266.02,Stinky
3,2025-01-01T08:36:00,3.08,0.003,266.22,266.02,Stinky
3,2025-01-01T08:37:00,8.94,0.0009,52.11,239.46,Fresh
3,2025-01-01T08:38:00,7.3,0.0086,279.02,nan,Noticeable
3,2025-01-01T08:39:00,5.21,0.0069,460.14,nan,Stinky
3,2025-01-01T08:39:00,5.21,0.0069,460.14,nan,Stinky
3,2025-01-01T08:40:00,6.73,0.0064,501.69,172.98,Noticeable
3,2025-01-01T08:41:00,8.81,0.0083,315.48,nan,Fresh
3,2025-01-01T08:42:00,6.71,0.0008,205.32,nan,Noticeable
3,2025-01-01T08:42:00,6.71,0.0008,205.32,nan,Noticeable
3,2025-01-01T08:43:00,3.52,0.0084,160.01,166.99,Stinky
3,2025-01-01T08:44:00,4.91,0.0067,311.17,41.06,Stinky
3,2025-01-01T08:45:00,8.62,0.0084,50.59,66.17,Stinky
3,2025-01-01T08:45:00,8.62,0.0084,50.59,66.17,Stinky
3,2025-01-01T08:46:00,4.06,0.0022,494.28,236.39,Noticeable
3,2025-01-01T08:47:00,3.31,0.0012,296.58,295.51,Noticeable
3,2025-01-01T08:48:00,2.24,0.0086,288.67,85.41,Fresh
3,2025-01-01T08:48:00,2.24,0.0086,288.67,85.41,Fresh
3,2025-01-01T08:49:00,2.58,0.0028,162.47,19.39,Fresh
3,2025-01-01T08:50:00,9.17,0.005,212.89,48.77,Fresh
3,2025-01-01T08:51:00,5.35,0.0047,578.84,284.89,Stinky
3,2025-01-01T08:51:00,5.35,0.0047,578.84,284.89,Stinky
3,2025-01-01T08:52:00,8.62,0.0049,158.16,135.72,Stinky
3,2025-01-01T08:53:00,3.28,0.009,309.21,nan,Noticeable
3,2025-01-01T08:54:00,8.25,0.0054,255.37,61.21,Fresh
3,2025-01-01T08:54:00,8.25,0.0054,255.37,61.21,Fresh
3,2025-01-01T08:55:00,7.67,0.0041,86.92,83.1,Noticeable
3,2025-01-01T08:56:00,9.8,0.0043,294.14,151.46,Noticeable
3,2025-01-01T08:57:00,1.3,0.0049,81.35,49.32,Fresh
3,2025-01-01T08:57:00,1.3,0.0049,81.35,49.32,Fresh
3,2025-01-01T08:58:00,9.32,0.0028,599.18,57.92,Noticeable
3,2025-01-01T08:59:00,5.31,0.0082,352.04,277.32,Noticeable
3,2025-01-01T09:00:00,2.48,0.0007,471.1,nan,Fresh
3,2025-01-01T09:00:00,2.48,0.0007,471.1,nan,Fresh
3,2025-01-01T09:01:00,2.25,0.0066,465.48,50.9,Fresh
3,2025-01-01T09:02:00,6.39,0.0049,232.63,39.08,Stinky
3,2025-01-01T09:03:00,3.68,0.001,208.72,27.84,Fresh
3,2025-01-01T09:03:00,3.68,0.001,208.72,27.84,Fresh
3,2025-01-01T09:04:00,8.89,0.0077,516.09,0.44,Fresh
3,2025-01-01T09:05:00,9.05,0.0051,307.82,2.56,Fresh
3,2025-01-01T09:06:00,0.85,0.0026,89.29,250.87,Fresh
3,2025-01-01T09:06:00,0.85,0.0026,89.29,250.87,Fresh
3,2025-01-01T09:07:00,0.94,0.007,195.37,2.33,Stinky
3,2025-01-01T09:08:00,6.46,0.0014,502.7,213.56,Fresh
3,2025-01-01T09:09:00,4.13,0.0075,162.62,188.73,Fresh
3,2025-01-01T09:09:00,4.13,0.0075,162.62,188.73,Fresh
3,2025-01-01T09:10:00,6.69,0.0077,218.49,191.4,Noticeable
3,2025-01-01T09:11:00,3.32,0.0067,497.45,5.72,Noticeable
3,2025-01-01T09:12:00,7.38,0.0093,524.22,143.7,Fresh
3,2025-01-01T09:12:00,7.38,0.0093,524.22,143.7,Fresh
3,2025-01-01T09:13:00,0.53,0.0071,322.3,270.09,Stinky
3,2025-01-01T09:14:00,7.98,0.0053,313.31,76.44,Noticeable
3,2025-01-01T09:15:00,0.63,0.0037,383.46,177.59,Stinky
3,2025-01-01T09:15:00,0.63,0.0037,383.46,177.59,Stinky
3,2025-01-01T09:16:00,5.35,0.0025,155.76,159.01,Stinky
3,2025-01-01T09:17:00,5.03,0.0066,203.64,nan,Fresh
3,2025-01-01T09:18:00,5.94,0.0076,354.64,11.47,Stinky
3,2025-01-01T09:18:00,5.94,0.0076,354.64,11.47,Stinky
3,2025-01-01T09:19:00,4.25,0.0045,312.48,242.08,Fresh
3,2025-01-01T09:20:00,6.98,0.0016,555.13,283.73,Stinky
3,2025-01-01T09:21:00,0.35,0.0088,415.73,215.99,Fresh
3,2025-01-01T09:21:00,0.35,0.0088,415.73,215.99,Fresh
3,2025-01-01T09:22:00,7.7,0.0047,492.15,222.36,Stinky
3,2025-01-01T09:23:00,0.99,0.0047,206.01,nan,Fresh
3,2025-01-01T09:24:00,9.25,0.0032,565.82,100.51,Fresh
3,2025-01-01T09:24:00,9.25,0.0032,565.82,100.51,Fresh
3,2025-01-01T09:25:00,6.44,0.0032,147.54,244.16,Stinky
3,2025-01-01T09:26:00,2.72,0.0046,497.91,210.56,Stinky
3,2025-01-01T09:27:00,3.33,0.0061,147.45,107.46,Fresh
3,2025-01-01T09:27:00,3.33,0.0061,147.45,107.46,Fresh
3,2025-01-01T09:28:00,5.35,0.0013,78.79,nan,Fresh
3,2025-01-01T09:29:00,5.81,0.0032,493.08,140.67,Stinky
3,2025-01-01T09:30:00,4.79,0.009,204.61,56.94,Noticeable
3,2025-01-01T09:30:00,4.79,0.009,204.61,56.94,Noticeable
3,2025-01-01T09:31:00,3.05,0.0089,367.52,7.85,Fresh
3,2025-01-01T09:32:00,1.13,0.0012,382.68,54.04,Fresh
3,2025-01-01T09:33:00,7.75,0.0039,180.22,142.22,Noticeable
3,2025-01-01T09:33:00,7.75,0.0039,180.22,142.22,Noticeable
3,2025-01-01T09:34:00,6.21,0.0069,442.85,nan,Stinky
3,2025-01-01T09:35:00,3.64,0.0071,587.66,180.68,Noticeable
3,2025-01-01T09:36:00,4.94,0.0029,409.52,183.87,Noticeable
3,2025-01-01T09:36:00,4.94,0.0029,409.52,183.87,Noticeable
3,2025-01-01T09:37:00,4.9,0.009,198.42,174.68,Stinky
3,2025-01-01T09:38:00,8.42,0.0039,70.38,40.16,Stinky
3,2025-01-01T09:39:00,6.78,0.0002,345.57,116.13,Noticeable
3,2025-01-01T09:39:00,6.78,0.0002,345.57,116.13,Noticeable
3,2025-01-01T09:40:00,5.66,0.002,438.19,112.06,Stinky
3,2025-01-01T09:41:00,9.06,0.0049,355.27,230.53,Fresh
3,2025-01-01T09:42:00,6.79,0.0082,493.41,85.88,Noticeable
3,2025-01-01T09:42:00,6.79,0.0082,493.41,85.88,Noticeable
3,2025-01-01T09:43:00,3.53,0.007,592.24,150.04,Noticeable
3,2025-01-01T09:44:00,4.33,0.0037,375.79,157.75,Fresh
3,2025-01-01T09:45:00,2.36,0.0042,196.43,91.93,Stinky
3,2025-01-01T09:45:00,2.36,0.0042,196.43,91.93,Stinky
3,2025-01-01T09:46:00,1.2,0.0069,408.99,38.48,Noticeable
3,2025-01-01T09:47:00,2.32,0.0098,532.3,nan,Fresh
3,2025-01-01T09:48:00,1.06,0.0034,316.53,283.41,Fresh
3,2025-01-01T09:48:00,1.06,0.0034,316.53,283.41,Fresh
3,2025-01-01T09:49:00,4.22,0.0007,51.51,nan,Noticeable
3,2025-01-01T09:50:00,4.73,0.0002,586.07,108.08,Stinky
3,2025-01-01T09:51:00,0.56,0.0089,438.5,216.27,Noticeable
3,2025-01-01T09:51:00,0.56,0.0089,438.5,216.27,Noticeable
3,2025-01-01T09:52:00,0.47,0.0057,118.48,nan,Fresh
3,2025-01-01T09:53:00,5.39,0.0004,233.18,0.85,Noticeable
3,2025-01-01T09:54:00,8.53,0.0096,409.02,202.5,Noticeable
3,2025-01-01T09:54:00,8.53,0.0096,409.02,202.5,Noticeable
3,2025-01-01T09:55:00,4.88,0.0047,239.2,66.01,Stinky
3,2025-01-01T09:56:00,1.93,0.002,328.58,260.84,Noticeable
3,2025-01-01T09:57:00,0.82,0.005,595.26,299.17,Fresh
3,2025-01-01T09:57:00,0.82,0.005,595.26,299.17,Fresh
3,2025-01-01T09:58:00,0.58,0.0018,95.15,nan,Noticeable
3,2025-01-01T09:59:00,4.15,0.0074,364.11,nan,Fresh
3,2025-01-01T10:00:00,3.3,0.0066,109.17,184.1,Fresh
3,2025-01-01T10:00:00,3.3,0.0066,109.17,184.1,Fresh
3,2025-01-01T10:01:00,4.76,0.008,497.81,285.01,Stinky
3,2025-01-01T10:02:00,9.08,0.0088,113.29,nan,Fresh
3,2025-01-01T10:03:00,3.43,0.0037,107.2,186.33,Noticeable
3,2025-01-01T10:03:00,3.43,0.0037,107.2,186.33,Noticeable
3,2025-01-01T10:04:00,5.43,0.0,295.2,50.96,Fresh
3,2025-01-01T10:05:00,2.78,0.0041,170.91,nan,Fresh
3,2025-01-01T10:06:00,1.81,0.0007,482.27,275.75,Noticeable
3,2025-01-01T10:06:00,1.81,0.0007,482.27,275.75,Noticeable
3,2025-01-01T10:07:00,4.89,0.0009,143.33,nan,Fresh
3,2025-01-01T10:08:00,2.71,0.0069,469.25,273.52,Noticeable
3,2025-01-01T10:09:00,4.65,0.0004,208.52,192.88,Noticeable
3,2025-01-01T10:09:00,4.65,0.0004,208.52,192.88,Noticeable
3,2025-01-01T10:10:00,5.39,0.008,171.0,nan,Noticeable
3,2025-01-01T10:11:00,4.98,0.0066,440.93,298.54,Stinky
3,2025-01-01T10:12:00,4.89,0.009,260.98,202.98,Fresh
3,2025-01-01T10:12:00,4.89,0.009,260.98,202.98,Fresh
3,2025-01-01T10:13:00,3.0,0.0038,421.59,39.41,Fresh
3,2025-01-01T10:14:00,3.05,0.0087,332.2,8.9,Noticeable
3,2025-01-01T10:15:00,5.46,0.0098,151.21,230.38,Fresh
3,2025-01-01T10:15:00,5.46,0.0098,151.21,230.38,Fresh
3,2025-01-01T10:16:00,2.96,0.0024,405.24,nan,Noticeable
3,2025-01-01T10:17:00,7.99,0.0029,231.11,188.14,Fresh
3,2025-01-01T10:18:00,1.69,0.0038,274.48,94.53,Noticeable
3,2025-01-01T10:18:00,1.69,0.0038,274.48,94.53,Noticeable
3,2025-01-01T10:19:00,0.21,0.0087,582.78,nan,Fresh
3,2025-01-01T10:20:00,7.2,0.0021,545.51,224.78,Noticeable
3,2025-01-01T10:21:00,2.4,0.0017,198.84,200.17,Stinky
3,2025-01-01T10:21:00,2.4,0.0017,198.84,200.17,Stinky
3,2025-01-01T10:22:00,0.34,0.0041,410.51,29.01,Noticeable
3,2025-01-01T10:23:00,0.66,0.0056,415.64,168.16,Fresh
3,2025-01-01T10:24:00,9.95,0.0047,113.89,194.63,Noticeable
3,2025-01-01T10:24:00,9.95,0.0047,113.89,194.63,Noticeable
3,2025-01-01T10:25:00,3.45,0.008,258.13,nan,Noticeable
3,2025-01-01T10:26:00,4.65,0.002,524.23,35.12,Noticeable
3,2025-01-01T10:27:00,7.86,0.0031,368.29,101.8,Fresh
3,2025-01-01T10:27:00,7.86,0.0031,368.29,101.8,Fresh
3,2025-01-01T10:28:00,4.96,0.008,79.18,226.64,Noticeable
3,2025-01-01T10:29:00,0.11,0.0058,338.83,6.86,Noticeable
3,2025-01-01T10:30:00,3.82,0.0028,538.46,233.36,Fresh
3,2025-01-01T10:30:00,3.82,0.0028,538.46,233.36,Fresh
3,2025-01-01T10:31:00,4.22,0.0019,508.7,nan,Noticeable
3,2025-01-01T10:32:00,4.17,0.0032,580.53,148.17,Fresh
3,2025-01-01T10:33:00,5.62,0.0064,375.32,229.52,Fresh
3,2025-01-01T10:33:00,5.62,0.0064,375.32,229.52,Fresh
3,2025-01-01T10:34:00,6.61,0.0025,214.41,20.14,Fresh
3,2025-01-01T10:35:00,1.88,0.0005,472.64,197.74,Noticeable
3,2025-01-01T10:36:00,9.44,0.0001,598.47,132.65,Stinky
3,2025-01-01T10:36:00,9.44,0.0001,598.47,132.65,Stinky
3,2025-01-01T10:37:00,5.97,0.0042,390.98,36.37,Stinky
3,2025-01-01T10:38:00,8.81,0.007,141.19,221.81,Fresh
3,2025-01-01T10:39:00,8.42,0.0099,454.82,118.23,Fresh
3,2025-01-01T10:39:00,8.42,0.0099,454.82,118.23,Fresh
3,2025-01-01T10:40:00,9.44,0.0032,425.59,66.62,Fresh
3,2025-01-01T10:41:00,8.58,0.0056,230.23,nan,Stinky
3,2025-01-01T10:42:00,6.97,0.0034,299.67,155.59,Noticeable
3,2025-01-01T10:42:00,6.97,0.0034,299.67,155.59,Noticeable
3,2025-01-01T10:43:00,3.64,0.0061,277.37,0.6,Noticeable
3,2025-01-01T10:44:00,4.3,0.0004,553.88,299.69,Fresh
3,2025-01-01T10:45:00,0.48,0.0014,95.24,nan,Fresh
3,2025-01-01T10:45:00,0.48,0.0014,95.24,nan,Fresh
3,2025-01-01T10:46:00,7.65,0.0081,503.35,113.54,Fresh
3,2025-01-01T10:47:00,9.12,0.004,380.61,22.72,Noticeable
3,2025-01-01T10:48:00,7.03,0.0099,514.66,251.44,Noticeable
3,2025-01-01T10:48:00,7.03,0.0099,514.66,251.44,Noticeable
3,2025-01-01T10:49:00,3.34,0.0003,432.94,257.68,Stinky
3,2025-01-01T10:50:00,5.23,0.0068,60.26,176.47,Stinky
3,2025-01-01T10:51:00,1.76,0.0032,592.14,59.96,Fresh
3,2025-01-01T10:51:00,1.76,0.0032,592.14,59.96,Fresh
3,2025-01-01T10:52:00,3.21,0.002,150.77,281.99,Noticeable
3,2025-01-01T10:53:00,8.94,0.0023,162.72,nan,Fresh
3,2025-01-01T10:54:00,8.97,0.0002,432.06,75.19,Fresh
3,2025-01-01T10:54:00,8.97,0.0002,432.06,75.19,Fresh
3,2025-01-01T10:55:00,7.78,0.0092,283.56,122.99,Stinky
3,2025-01-01T10:56:00,6.69,0.0018,500.77,199.34,Fresh
3,2025-01-01T10:57:00,8.61,0.0094,386.62,nan,Fresh
3,2025-01-01T10:57:00,8.61,0.0094,386.62,nan,Fresh
3,2025-01-01T10:58:00,1.05,0.0035,505.95,181.64,Fresh
3,2025-01-01T10:59:00,7.76,0.0088,360.05,202.69,Fresh
3,2025-01-01T11:00:00,8.13,0.0024,311.31,nan,Stinky
3,2025-01-01T11:00:00,8.13,0.0024,311.31,nan,Stinky
3,2025-01-01T11:01:00,7.62,0.0054,110.5,168.09,Fresh
3,2025-01-01T11:02:00,8.01,0.0061,337.35,nan,Fresh
3,2025-01-01T11:03:00,7.51,0.0002,421.79,216.48,Fresh
3,2025-01-01T11:03:00,7.51,0.0002,421.79,216.48,Fresh
3,2025-01-01T11:04:00,8.5,0.004,91.46,nan,Stinky
3,2025-01-01T11:05:00,6.82,0.0014,178.15,56.89,Stinky
3,2025-01-01T11:06:00,6.59,0.0007,421.59,187.9,Stinky
3,2025-01-01T11:06:00,6.59,0.0007,421.59,187.9,Stinky
3,2025-01-01T11:07:00,2.77,0.0043,556.51,150.84,Stinky
3,2025-01-01T11:08:00,2.27,0.009,538.95,nan,Noticeable
3,2025-01-01T11:09:00,5.6,0.0028,96.2,55.49,Noticeable
3,2025-01-01T11:09:00,5.6,0.0028,96.2,55.49,Noticeable
3,2025-01-01T11:10:00,9.79,0.0001,326.21,nan,Noticeable
3,2025-01-01T11:11:00,9.61,0.0067,70.14,124.64,Stinky
3,2025-01-01T11:12:00,3.23,0.0034,94.89,174.27,Noticeable
3,2025-01-01T11:12:00,3.23,0.0034,94.89,174.27,Noticeable
3,2025-01-01T11:13:00,8.75,0.0061,385.93,53.92,Fresh
3,2025-01-01T11:14:00,2.5,0.0079,104.96,206.96,Stinky
3,2025-01-01T11:15:00,9.93,0.0034,67.56,196.63,Stinky
3,2025-01-01T11:15:00,9.93,0.0034,67.56,196.63,Stinky
3,2025-01-01T11:16:00,9.45,0.0077,217.3,110.23,Noticeable
3,2025-01-01T11:17:00,6.06,0.009,114.42,235.24,Noticeable
3,2025-01-01T11:18:00,6.47,0.0012,539.12,282.01,Noticeable
3,2025-01-01T11:18:00,6.47,0.0012,539.12,282.01,Noticeable
3,2025-01-01T11:19:00,5.32,0.0011,390.29,136.24,Noticeable
3,2025-01-01T11:20:00,5.23,0.0011,264.69,253.92,Stinky
3,2025-01-01T11:21:00,1.3,0.0016,411.94,290.02,Noticeable
3,2025-01-01T11:21:00,1.3,0.0016,411.94,290.02,Noticeable
3,2025-01-01T11:22:00,9.8,0.0035,255.89,297.95,Noticeable
3,2025-01-01T11:23:00,4.12,0.0087,275.48,157.63,Fresh
3,2025-01-01T11:24:00,8.31,0.0058,185.54,260.6,Fresh
3,2025-01-01T11:24:00,8.31,0.0058,185.54,260.6,Fresh
3,2025-01-01T11:25:00,5.12,0.0058,449.96,152.56,Noticeable
3,2025-01-01T11:26:00,4.07,0.0026,212.25,130.61,Noticeable
3,2025-01-01T11:27:00,3.82,0.0019,242.76,105.79,Fresh
3,2025-01-01T11:27:00,3.82,0.0019,242.76,105.79,Fresh
3,2025-01-01T11:28:00,8.8,0.0038,532.43,186.04,Fresh
3,2025-01-01T11:29:00,4.75,0.0028,551.33,172.69,Fresh
3,2025-01-01T11:30:00,5.75,0.0015,551.23,212.52,Fresh
3,2025-01-01T11:30:00,5.75,0.0015,551.23,212.52,Fresh
3,2025-01-01T11:31:00,9.85,0.0025,82.55,66.71,Stinky
3,2025-01-01T11:32:00,4.05,0.0056,194.92,183.87,Fresh
3,2025-01-01T11:33:00,9.23,0.0091,452.39,27.15,Fresh
3,2025-01-01T11:33:00,9.23,0.0091,452.39,27.15,Fresh
3,2025-01-01T11:34:00,7.3,0.0055,123.84,270.3,Stinky
3,2025-01-01T11:35:00,6.24,0.0092,102.61,288.05,Noticeable
3,2025-01-01T11:36:00,4.85,0.0084,129.88,122.21,Stinky
3,2025-01-01T11:36:00,4.85,0.0084,129.88,122.21,Stinky
3,2025-01-01T11:37:00,3.93,0.0078,53.95,237.8,Noticeable
3,2025-01-01T11:38:00,9.74,0.0049,405.47,54.92,Fresh
3,2025-01-01T11:39:00,7.35,0.0033,375.95,9.83,Noticeable
3,2025-01-01T11:39:00,7.35,0.0033,375.95,9.83,Noticeable
3,2025-01-01T11:40:00,7.44,0.0036,391.65,153.63,Fresh
3,2025-01-01T11:41:00,3.11,0.0018,572.67,172.28,Noticeable
3,2025-01-01T11:42:00,4.08,0.0034,458.23,215.37,Stinky
3,2025-01-01T11:42:00,4.08,0.0034,458.23,215.37,Stinky
3,2025-01-01T11:43:00,3.44,0.0047,222.5,246.62,Stinky
3,2025-01-01T11:44:00,9.55,0.0083,181.74,69.95,Noticeable
3,2025-01-01T11:45:00,4.29,0.009,371.72,184.8,Noticeable
3,2025-01-01T11:45:00,4.29,0.009,371.72,184.8,Noticeable
3,2025-01-01T11:46:00,0.91,0.0046,373.79,32.33,Stinky
3,2025-01-01T11:47:00,5.88,0.0079,229.36,139.14,Noticeable
3,2025-01-01T11:48:00,1.9,0.0077,173.79,236.86,Stinky
3,2025-01-01T11:48:00,1.9,0.0077,173.79,236.86,Stinky
3,2025-01-01T11:49:00,9.09,0.0066,282.12,nan,Stinky
3,2025-01-01T11:50:00,4.2,0.0063,442.82,nan,Stinky
3,2025-01-01T11:51:00,4.25,0.0099,168.37,196.71,Fresh
3,2025-01-01T11:51:00,4.25,0.0099,168.37,196.71,Fresh
3,2025-01-01T11:52:00,5.47,0.0051,158.1,282.57,Noticeable
3,2025-01-01T11:53:00,2.31,0.0089,109.73,18.45,Stinky
3,2025-01-01T11:54:00,9.19,0.008,408.54,298.13,Stinky
3,2025-01-01T11:54:00,9.19,0.008,408.54,298.13,Stinky
3,2025-01-01T11:55:00,1.51,0.0022,366.92,0.46,Stinky
3,2025-01-01T11:56:00,9.69,0.0056,254.93,183.19,Fresh
3,2025-01-01T11:57:00,7.91,0.0002,267.56,231.11,Fresh
3,2025-01-01T11:57:00,7.91,0.0002,267.56,231.11,Fresh
3,2025-01-01T11:58:00,0.39,0.0057,355.4,nan,Stinky
3,2025-01-01T11:59:00,7.23,0.0008,344.58,283.69,Stinky
3,2025-01-01T12:00:00,6.17,0.0079,591.82,nan,Stinky
3,2025-01-01T12:00:00,6.17,0.0079,591.82,nan,Stinky
3,2025-01-01T12:01:00,8.73,0.0057,516.52,nan,Stinky
3,2025-01-01T12:02:00,1.72,0.0047,444.61,23.58,Fresh
3,2025-01-01T12:03:00,0.65,0.0003,518.83,238.61,Fresh
3,2025-01-01T12:03:00,0.65,0.0003,518.83,238.61,Fresh
3,2025-01-01T12:04:00,0.55,0.003,148.33,26.67,Fresh
3,2025-01-01T12:05:00,4.23,0.0075,290.33,31.14,Noticeable
3,2025-01-01T12:06:00,9.81,0.0066,220.76,47.7,Fresh
3,2025-01-01T12:06:00,9.81,0.0066,220.76,47.7,Fresh
3,2025-01-01T12:07:00,4.5,0.0089,366.33,136.08,Fresh
3,2025-01-01T12:08:00,9.14,0.0017,169.26,nan,Noticeable
3,2025-01-01T12:09:00,8.12,0.0073,453.2,187.07,Noticeable
3,2025-01-01T12:09:00,8.12,0.0073,453.2,187.07,Noticeable
3,2025-01-01T12:10:00,5.53,0.0066,291.32,174.59,Fresh
3,2025-01-01T12:11:00,4.89,0.0046,431.7,210.32,Fresh
3,2025-01-01T12:12:00,7.65,0.0019,487.27,240.33,Stinky
3,2025-01-01T12:12:00,7.65,0.0019,487.27,240.33,Stinky
3,2025-01-01T12:13:00,7.93,0.0076,239.28,292.99,Noticeable
3,2025-01-01T12:14:00,0.51,0.0046,174.18,169.04,Stinky
3,2025-01-01T12:15:00,0.19,0.0034,563.66,99.7,Noticeable
3,2025-01-01T12:15:00,0.19,0.0034,563.66,99.7,Noticeable
3,2025-01-01T12:16:00,2.51,0.0001,283.79,139.86,Fresh
3,2025-01-01T12:17:00,2.38,0.0019,202.73,nan,Stinky
3,2025-01-01T12:18:00,5.32,0.009,530.96,143.99,Fresh
3,2025-01-01T12:18:00,5.32,0.009,530.96,143.99,Fresh
3,2025-01-01T12:19:00,1.76,0.0056,526.73,262.66,Stinky
3,2025-01-01T12:20:00,9.93,0.0022,360.05,93.57,Stinky
3,2025-01-01T12:21:00,8.36,0.0095,69.02,243.88,Stinky
3,2025-01-01T12:21:00,8.36,0.0095,69.02,243.88,Stinky
3,2025-01-01T12:22:00,1.67,0.0054,520.47,295.87,Fresh
3,2025-01-01T12:23:00,5.92,0.0006,152.83,291.48,Fresh
3,2025-01-01T12:24:00,2.24,0.0023,98.79,261.46,Stinky
3,2025-01-01T12:24:00,2.24,0.0023,98.79,261.46,Stinky
3,2025-01-01T12:25:00,2.39,0.0067,218.01,169.03,Stinky
3,2025-01-01T12:26:00,9.32,0.0029,316.8,144.78,Noticeable
3,2025-01-01T12:27:00,8.14,0.0014,287.13,12.42,Stinky
3,2025-01-01T12:27:00,8.14,0.0014,287.13,12.42,Stinky
3,2025-01-01T12:28:00,9.7,0.0049,140.26,199.21,Stinky
3,2025-01-01T12:29:00,5.94,0.0012,444.27,108.91,Fresh
3,2025-01-01T12:30:00,0.79,0.0098,516.79,27.59,Noticeable
3,2025-01-01T12:30:00,0.79,0.0098,516.79,27.59,Noticeable
3,2025-01-01T12:31:00,5.89,0.0086,320.43,nan,Stinky
3,2025-01-01T12:32:00,3.52,0.0011,211.75,129.62,Stinky
3,2025-01-01T12:33:00,6.33,0.0041,437.87,208.19,Noticeable
3,2025-01-01T12:33:00,6.33,0.0041,437.87,208.19,Noticeable
3,2025-01-01T12:34:00,9.49,0.008,100.19,141.58,Stinky
3,2025-01-01T12:35:00,1.63,0.007,550.49,292.63,Noticeable
3,2025-01-01T12:36:00,9.66,0.0041,544.34,nan,Fresh
3,2025-01-01T12:36:00,9.66,0.0041,544.34,nan,Fresh
3,2025-01-01T12:37:00,6.74,0.0096,473.53,13.01,Stinky
3,2025-01-01T12:38:00,9.69,0.0083,457.97,nan,Fresh
3,2025-01-01T12:39:00,3.35,0.0056,534.3,nan,Fresh
3,2025-01-01T12:39:00,3.35,0.0056,534.3,nan,Fresh
3,2025-01-01T12:40:00,6.18,0.0058,350.3,13.27,Noticeable
3,2025-01-01T12:41:00,3.78,0.0006,477.64,38.26,Stinky
3,2025-01-01T12:42:00,5.24,0.004,275.12,243.59,Fresh
3,2025-01-01T12:42:00,5.24,0.004,275.12,243.59,Fresh
3,2025-01-01T12:43:00,6.5,0.0004,344.27,254.1,Fresh
3,2025-01-01T12:44:00,4.06,0.0077,77.68,nan,Fresh
3,2025-01-01T12:45:00,4.89,0.0001,564.33,285.8,Noticeable
3,2025-01-01T12:45:00,4.89,0.0001,564.33,285.8,Noticeable
3,2025-01-01T12:46:00,3.2,0.004,82.14,254.91,Stinky
3,2025-01-01T12:47:00,0.97,0.0042,390.73,223.67,Noticeable
3,2025-01-01T12:48:00,2.52,0.0022,226.05,190.84,Stinky
3,2025-01-01T12:48:00,2.52,0.0022,226.05,190.84,Stinky
3,2025-01-01T12:49:00,5.72,0.0088,593.45,nan,Stinky
3,2025-01-01T12:50:00,4.47,0.0077,179.7,95.03,Fresh
3,2025-01-01T12:51:00,4.46,0.0004,583.05,147.58,Fresh
3,2025-01-01T12:51:00,4.46,0.0004,583.05,147.58,Fresh
3,2025-01-01T12:52:00,4.7,0.0097,162.44,146.75,Fresh
3,2025-01-01T12:53:00,5.14,0.0082,133.35,61.76,Noticeable
3,2025-01-01T12:54:00,5.53,0.0056,235.53,nan,Fresh
3,2025-01-01T12:54:00,5.53,0.0056,235.53,nan,Fresh
3,2025-01-01T12:55:00,9.17,0.006,493.76,13.1,Fresh
3,2025-01-01T12:56:00,1.44,0.0007,501.13,270.4,Noticeable
3,2025-01-01T12:57:00,1.66,0.006,504.42,41.9,Fresh
3,2025-01-01T12:57:00,1.66,0.006,504.42,41.9,Fresh
3,2025-01-01T12:58:00,9.85,0.0056,521.85,45.71,Noticeable
3,2025-01-01T12:59:00,5.14,0.008,369.15,113.32,Fresh
3,2025-01-01T13:00:00,7.55,0.0014,273.14,117.14,Noticeable
3,2025-01-01T13:00:00,7.55,0.0014,273.14,117.14,Noticeable
3,2025-01-01T13:01:00,3.67,0.0051,170.8,230.89,Noticeable
3,2025-01-01T13:02:00,3.28,0.0069,129.67,297.41,Fresh
3,2025-01-01T13:03:00,8.51,0.0052,193.16,270.01,Noticeable
3,2025-01-01T13:03:00,8.51,0.0052,193.16,270.01,Noticeable
3,2025-01-01T13:04:00,4.1,0.0082,154.8,nan,Stinky
3,2025-01-01T13:05:00,2.12,0.0018,218.48,nan,Noticeable
3,2025-01-01T13:06:00,2.14,0.0079,253.72,nan,Stinky
3,2025-01-01T13:06:00,2.14,0.0079,253.72,nan,Stinky
3,2025-01-01T13:07:00,2.77,0.0008,316.77,152.45,Fresh
3,2025-01-01T13:08:00,3.43,0.0062,469.34,34.66,Stinky
3,2025-01-01T13:09:00,0.75,0.0029,425.48,31.35,Fresh
3,2025-01-01T13:09:00,0.75,0.0029,425.48,31.35,Fresh
3,2025-01-01T13:10:00,6.24,0.0073,279.04,86.5,Fresh
3,2025-01-01T13:11:00,5.34,0.0077,106.06,284.45,Noticeable
3,2025-01-01T13:12:00,3.94,0.006,327.8,96.65,Fresh
3,2025-01-01T13:12:00,3.94,0.006,327.8,96.65,Fresh
3,2025-01-01T13:13:00,5.09,0.0082,109.36,158.19,Fresh
3,2025-01-01T13:14:00,0.03,0.0045,200.97,276.55,Stinky
3,2025-01-01T13:15:00,5.1,0.0099,165.66,92.03,Fresh
3,2025-01-01T13:15:00,5.1,0.0099,165.66,92.03,Fresh
3,2025-01-01T13:16:00,4.16,0.0007,398.28,263.85,Stinky
3,2025-01-01T13:17:00,8.47,0.0051,393.6,130.91,Noticeable
3,2025-01-01T13:18:00,5.21,0.0071,473.29,12.18,Fresh
3,2025-01-01T13:18:00,5.21,0.0071,473.29,12.18,Fresh
3,2025-01-01T13:19:00,2.45,0.0072,139.28,nan,Stinky
3,2025-01-01T13:20:00,5.24,0.0079,99.51,195.43,Noticeable
3,2025-01-01T13:21:00,7.14,0.0073,517.9,44.84,Stinky
3,2025-01-01T13:21:00,7.14,0.0073,517.9,44.84,Stinky
3,2025-01-01T13:22:00,9.98,0.0086,517.15,78.03,Stinky
3,2025-01-01T13:23:00,9.65,0.0041,520.64,129.29,Fresh
3,2025-01-01T13:24:00,4.16,0.0083,54.27,90.58,Noticeable
3,2025-01-01T13:24:00,4.16,0.0083,54.27,90.58,Noticeable
3,2025-01-01T13:25:00,0.79,0.0088,581.07,108.82,Stinky
3,2025-01-01T13:26:00,4.52,0.007,339.66,34.97,Stinky
3,2025-01-01T13:27:00,7.64,0.0091,482.98,35.04,Fresh
3,2025-01-01T13:27:00,7.64,0.0091,482.98,35.04,Fresh
3,2025-01-01T13:28:00,5.23,0.009,239.14,279.35,Stinky
3,2025-01-01T13:29:00,4.29,0.0028,535.77,15.87,Stinky
3,2025-01-01T13:30:00,0.27,0.0036,235.8,214.48,Stinky
3,2025-01-01T13:30:00,0.27,0.0036,235.8,214.48,Stinky
3,2025-01-01T13:31:00,4.31,0.0066,588.56,nan,Stinky
3,2025-01-01T13:32:00,2.46,0.0095,421.72,284.63,Noticeable
3,2025-01-01T13:33:00,0.95,0.0042,233.62,47.54,Noticeable
3,2025-01-01T13:33:00,0.95,0.0042,233.62,47.54,Noticeable
3,2025-01-01T13:34:00,2.05,0.0075,226.99,221.14,Noticeable
3,2025-01-01T13:35:00,7.5,0.0097,325.18,44.6,Stinky
3,2025-01-01T13:36:00,2.81,0.0044,352.59,49.49,Fresh
3,2025-01-01T13:36:00,2.81,0.0044,352.59,49.49,Fresh
3,2025-01-01T13:37:00,3.04,0.0041,593.94,nan,Noticeable
3,2025-01-01T13:38:00,2.3,0.0006,261.92,264.97,Noticeable
3,2025-01-01T13:39:00,5.17,0.0046,474.09,255.33,Fresh
3,2025-01-01T13:39:00,5.17,0.0046,474.09,255.33,Fresh
3,2025-01-01T13:40:00,3.08,0.0025,577.79,nan,Noticeable
3,2025-01-01T13:41:00,5.12,0.0058,51.8,35.0,Noticeable
3,2025-01-01T13:42:00,1.23,0.0061,90.39,166.63,Fresh
3,2025-01-01T13:42:00,1.23,0.0061,90.39,166.63,Fresh
3,2025-01-01T13:43:00,8.32,0.0081,520.11,194.1,Stinky
3,2025-01-01T13:44:00,4.81,0.0084,382.52,nan,Noticeable
3,2025-01-01T13:45:00,4.63,0.0047,374.69,66.68,Stinky
3,2025-01-01T13:45:00,4.63,0.0047,374.69,66.68,Stinky
3,2025-01-01T13:46:00,9.76,0.0049,393.16,292.39,Fresh
3,2025-01-01T13:47:00,9.69,0.0044,138.06,166.3,Stinky
3,2025-01-01T13:48:00,4.96,0.0005,263.2,226.55,Noticeable
3,2025-01-01T13:48:00,4.96,0.0005,263.2,226.55,Noticeable
3,2025-01-01T13:49:00,2.27,0.0031,82.66,9.45,Fresh
3,2025-01-01T13:50:00,8.31,0.0026,374.98,69.06,Fresh
3,2025-01-01T13:51:00,3.95,0.0066,384.75,52.19,Noticeable
3,2025-01-01T13:51:00,3.95,0.0066,384.75,52.19,Noticeable
3,2025-01-01T13:52:00,4.15,0.0025,385.16,261.89,Fresh
3,2025-01-01T13:53:00,4.75,0.0043,196.5,188.39,Fresh
3,2025-01-01T13:54:00,0.72,0.0034,568.26,216.3,Fresh
3,2025-01-01T13:54:00,0.72,0.0034,568.26,216.3,Fresh
3,2025-01-01T13:55:00,8.74,0.0014,219.38,97.08,Fresh
3,2025-01-01T13:56:00,6.25,0.0018,535.72,133.73,Stinky
3,2025-01-01T13:57:00,3.59,0.002,412.17,nan,Stinky
3,2025-01-01T13:57:00,3.59,0.002,412.17,nan,Stinky
3,2025-01-01T13:58:00,1.51,0.0031,494.34,244.38,Stinky
3,2025-01-01T13:59:00,5.85,0.0065,477.65,228.68,Stinky
3,2025-01-01T14:00:00,4.87,0.006,142.89,178.91,Stinky
3,2025-01-01T14:00:00,4.87,0.006,142.89,178.91,Stinky
3,2025-01-01T14:01:00,1.94,0.0059,184.99,nan,Fresh
3,2025-01-01T14:02:00,6.14,0.0039,483.19,6.01,Noticeable
3,2025-01-01T14:03:00,3.21,0.0018,579.22,46.55,Noticeable
3,2025-01-01T14:03:00,3.21,0.0018,579.22,46.55,Noticeable
3,2025-01-01T14:04:00,6.69,0.008,132.59,39.29,Noticeable
3,2025-01-01T14:05:00,8.91,0.0062,292.02,43.12,Fresh
3,2025-01-01T14:06:00,6.85,0.0098,426.82,233.81,Stinky
3,2025-01-01T14:06:00,6.85,0.0098,426.82,233.81,Stinky
3,2025-01-01T14:07:00,2.71,0.0072,133.23,67.69,Fresh
3,2025-01-01T14:08:00,0.11,0.0094,300.04,297.19,Fresh
3,2025-01-01T14:09:00,6.43,0.0093,118.31,139.1,Noticeable
3,2025-01-01T14:09:00,6.43,0.0093,118.31,139.1,Noticeable
3,2025-01-01T14:10:00,2.3,0.0017,324.63,79.42,Fresh
3,2025-01-01T14:11:00,9.79,0.0061,214.6,202.63,Fresh
3,2025-01-01T14:12:00,8.13,0.0048,178.64,221.88,Stinky
3,2025-01-01T14:12:00,8.13,0.0048,178.64,221.88,Stinky
3,2025-01-01T14:13:00,3.83,0.0045,93.93,181.55,Fresh
3,2025-01-01T14:14:00,4.4,0.0089,435.12,nan,Noticeable
3,2025-01-01T14:15:00,8.24,0.0028,353.98,195.57,Fresh
3,2025-01-01T14:15:00,8.24,0.0028,353.98,195.57,Fresh
3,2025-01-01T14:16:00,0.03,0.0075,203.84,190.08,Fresh
3,2025-01-01T14:17:00,7.41,0.008,282.36,nan,Stinky
3,2025-01-01T14:18:00,4.01,0.008,509.04,87.53,Noticeable
3,2025-01-01T14:18:00,4.01,0.008,509.04,87.53,Noticeable
3,2025-01-01T14:19:00,7.01,0.0048,66.06,267.12,Fresh
3,2025-01-01T14:20:00,5.68,0.0053,440.98,179.53,Stinky
3,2025-01-01T14:21:00,1.18,0.0073,74.66,95.44,Noticeable
3,2025-01-01T14:21:00,1.18,0.0073,74.66,95.44,Noticeable
3,2025-01-01T14:22:00,7.02,0.0003,414.18,75.37,Stinky
3,2025-01-01T14:23:00,3.06,0.0085,191.72,165.89,Stinky
3,2025-01-01T14:24:00,0.45,0.0083,268.29,290.03,Noticeable
3,2025-01-01T14:24:00,0.45,0.0083,268.29,290.03,Noticeable
3,2025-01-01T14:25:00,0.25,0.0002,517.85,290.16,Fresh
3,2025-01-01T14:26:00,5.72,0.0001,322.22,186.72,Fresh
3,2025-01-01T14:27:00,1.8,0.0002,446.74,nan,Fresh
3,2025-01-01T14:27:00,1.8,0.0002,446.74,nan,Fresh
3,2025-01-01T14:28:00,0.03,0.0065,131.83,nan,Noticeable
3,2025-01-01T14:29:00,4.09,0.0005,552.41,123.56,Stinky
3,2025-01-01T14:30:00,5.94,0.0082,96.23,90.46,Fresh
3,2025-01-01T14:30:00,5.94,0.0082,96.23,90.46,Fresh
3,2025-01-01T14:31:00,2.48,0.0072,564.69,67.13,Fresh
3,2025-01-01T14:32:00,2.94,0.0087,489.47,193.99,Noticeable
3,2025-01-01T14:33:00,7.64,0.0002,104.39,1.07,Noticeable
3,2025-01-01T14:33:00,7.64,0.0002,104.39,1.07,Noticeable
3,2025-01-01T14:34:00,6.87,0.004,95.61,202.32,Fresh
3,2025-01-01T14:35:00,8.95,0.0021,312.32,267.79,Fresh
3,2025-01-01T14:36:00,2.01,0.0083,117.57,130.42,Noticeable
3,2025-01-01T14:36:00,2.01,0.0083,117.57,130.42,Noticeable
3,2025-01-01T14:37:00,3.12,0.0052,221.36,nan,Stinky
3,2025-01-01T14:38:00,1.32,0.0052,426.1,197.46,Noticeable
3,2025-01-01T14:39:00,6.75,0.0006,141.97,108.31,Stinky
3,2025-01-01T14:39:00,6.75,0.0006,141.97,108.31,Stinky
3,2025-01-01T14:40:00,4.9,0.0073,531.75,88.15,Noticeable
3,2025-01-01T14:41:00,4.42,0.0061,241.71,210.97,Noticeable
3,2025-01-01T14:42:00,1.62,0.0029,205.13,110.94,Fresh
3,2025-01-01T14:42:00,1.62,0.0029,205.13,110.94,Fresh
3,2025-01-01T14:43:00,5.69,0.0063,567.63,nan,Stinky
3,2025-01-01T14:44:00,9.79,0.0033,97.35,224.97,Noticeable
3,2025-01-01T14:45:00,0.75,0.0033,224.98,238.5,Fresh
3,2025-01-01T14:45:00,0.75,0.0033,224.98,238.5,Fresh
3,2025-01-01T14:46:00,6.44,0.0086,302.8,123.22,Stinky
3,2025-01-01T14:47:00,4.09,0.0088,541.89,267.94,Fresh
3,2025-01-01T14:48:00,6.22,0.01,332.12,227.13,Noticeable
3,2025-01-01T14:48:00,6.22,0.01,332.12,227.13,Noticeable
3,2025-01-01T14:49:00,9.68,0.0039,324.02,nan,Stinky
3,2025-01-01T14:50:00,0.37,0.002,256.82,224.15,Stinky
3,2025-01-01T14:51:00,9.04,0.0035,260.88,62.26,Noticeable
3,2025-01-01T14:51:00,9.04,0.0035,260.88,62.26,Noticeable
3,2025-01-01T14:52:00,9.06,0.0025,329.55,145.4,Stinky
3,2025-01-01T14:53:00,1.33,0.0028,311.85,297.59,Noticeable
3,2025-01-01T14:54:00,3.27,0.0094,439.91,12.34,Noticeable
3,2025-01-01T14:54:00,3.27,0.0094,439.91,12.34,Noticeable
3,2025-01-01T14:55:00,3.48,0.0097,175.19,5.93,Noticeable
3,2025-01-01T14:56:00,1.27,0.0091,340.96,nan,Noticeable
3,2025-01-01T14:57:00,0.08,0.0034,352.18,nan,Noticeable
3,2025-01-01T14:57:00,0.08,0.0034,352.18,nan,Noticeable
3,2025-01-01T14:58:00,2.85,0.005,299.31,nan,Noticeable
3,2025-01-01T14:59:00,5.15,0.0,288.27,206.04,Stinky
3,2025-01-01T15:00:00,3.2,0.0011,289.69,nan,Fresh
3,2025-01-01T15:00:00,3.2,0.0011,289.69,nan,Fresh
3,2025-01-01T15:01:00,7.45,0.0003,567.39,19.35,Stinky
3,2025-01-01T15:02:00,8.44,0.0053,579.76,2.47,Fresh
3,2025-01-01T15:03:00,7.4,0.0042,110.47,nan,Noticeable
3,2025-01-01T15:03:00,7.4,0.0042,110.47,nan,Noticeable
3,2025-01-01T15:04:00,6.47,0.0098,557.19,nan,Fresh
3,2025-01-01T15:05:00,7.72,0.0045,197.46,92.31,Noticeable
3,2025-01-01T15:06:00,7.62,0.01,53.84,268.33,Stinky
3,2025-01-01T15:06:00,7.62,0.01,53.84,268.33,Stinky
3,2025-01-01T15:07:00,5.24,0.0033,75.22,241.7,Noticeable
3,2025-01-01T15:08:00,4.35,0.0092,79.93,53.05,Fresh
3,2025-01-01T15:09:00,2.41,0.0092,367.54,161.45,Noticeable
3,2025-01-01T15:09:00,2.41,0.0092,367.54,161.45,Noticeable
3,2025-01-01T15:10:00,5.34,0.0046,169.28,69.9,Stinky
3,2025-01-01T15:11:00,6.71,0.001,407.13,259.7,Noticeable
3,2025-01-01T15:12:00,0.85,0.0037,550.54,145.14,Fresh
3,2025-01-01T15:12:00,0.85,0.0037,550.54,145.14,Fresh
3,2025-01-01T15:13:00,1.13,0.0022,161.28,177.72,Stinky
3,2025-01-01T15:14:00,5.21,0.0098,306.26,171.86,Stinky
3,2025-01-01T15:15:00,0.38,0.0039,128.14,151.19,Noticeable
3,2025-01-01T15:15:00,0.38,0.0039,128.14,151.19,Noticeable
3,2025-01-01T15:16:00,9.29,0.0098,364.94,60.16,Stinky
3,2025-01-01T15:17:00,1.2,0.0005,587.36,274.9,Stinky
3,2025-01-01T15:18:00,7.12,0.0086,75.22,38.87,Stinky
3,2025-01-01T15:18:00,7.12,0.0086,75.22,38.87,Stinky
3,2025-01-01T15:19:00,3.16,0.0054,316.55,95.74,Stinky
3,2025-01-01T15:20:00,0.89,0.0072,154.49,133.99,Noticeable
3,2025-01-01T15:21:00,6.38,0.0016,462.55,60.48,Fresh
3,2025-01-01T15:21:00,6.38,0.0016,462.55,60.48,Fresh
3,2025-01-01T15:22:00,5.18,0.0006,431.03,258.48,Noticeable
3,2025-01-01T15:23:00,8.92,0.0086,185.71,nan,Fresh
3,2025-01-01T15:24:00,5.84,0.0024,125.74,nan,Fresh
3,2025-01-01T15:24:00,5.84,0.0024,125.74,nan,Fresh
3,2025-01-01T15:25:00,7.07,0.0074,56.99,84.37,Noticeable
3,2025-01-01T15:26:00,1.28,0.009,77.79,295.57,Stinky
3,2025-01-01T15:27:00,2.97,0.0027,584.27,177.65,Fresh
3,2025-01-01T15:27:00,2.97,0.0027,584.27,177.65,Fresh
3,2025-01-01T15:28:00,1.97,0.0017,65.63,166.4,Stinky
3,2025-01-01T15:29:00,7.63,0.0006,340.25,64.77,Fresh
3,2025-01-01T15:30:00,4.31,0.0095,181.95,201.64,Noticeable
3,2025-01-01T15:30:00,4.31,0.0095,181.95,201.64,Noticeable
3,2025-01-01T15:31:00,2.86,0.0057,245.73,191.73,Stinky
3,2025-01-01T15:32:00,3.13,0.0097,184.13,nan,Noticeable
3,2025-01-01T15:33:00,2.34,0.0012,197.21,146.67,Noticeable
3,2025-01-01T15:33:00,2.34,0.0012,197.21,146.67,Noticeable
3,2025-01-01T15:34:00,3.38,0.0075,307.04,189.76,Noticeable
3,2025-01-01T15:35:00,6.5,0.0044,264.77,137.4,Noticeable
3,2025-01-01T15:36:00,9.99,0.0031,562.15,nan,Fresh
3,2025-01-01T15:36:00,9.99,0.0031,562.15,nan,Fresh
3,2025-01-01T15:37:00,0.62,0.0015,407.22,166.95,Stinky
3,2025-01-01T15:38:00,0.23,0.0033,126.81,29.27,Noticeable
3,2025-01-01T15:39:00,8.83,0.0056,479.31,nan,Stinky
3,2025-01-01T15:39:00,8.83,0.0056,479.31,nan,Stinky
3,2025-01-01T15:40:00,9.39,0.0075,247.7,158.2,Stinky
3,2025-01-01T15:41:00,8.07,0.009,484.38,nan,Fresh
3,2025-01-01T15:42:00,4.9,0.006,528.16,41.11,Stinky
3,2025-01-01T15:42:00,4.9,0.006,528.16,41.11,Stinky
3,2025-01-01T15:43:00,0.03,0.0058,118.64,123.15,Stinky
3,2025-01-01T15:44:00,4.52,0.0089,191.44,257.85,Noticeable
3,2025-01-01T15:45:00,9.05,0.0033,227.34,116.67,Stinky
3,2025-01-01T15:45:00,9.05,0.0033,227.34,116.67,Stinky
3,2025-01-01T15:46:00,9.39,0.0099,548.71,294.85,Stinky
3,2025-01-01T15:47:00,1.48,0.0088,106.91,nan,Stinky
3,2025-01-01T15:48:00,0.12,0.0092,478.43,25.88,Stinky
3,2025-01-01T15:48:00,0.12,0.0092,478.43,25.88,Stinky
3,2025-01-01T15:49:00,7.2,0.0092,510.65,32.88,Noticeable
3,2025-01-01T15:50:00,1.4,0.0016,409.25,59.04,Stinky
3,2025-01-01T15:51:00,1.64,0.0052,572.5,128.9,Stinky
3,2025-01-01T15:51:00,1.64,0.0052,572.5,128.9,Stinky
3,2025-01-01T15:52:00,1.08,0.009,159.34,42.6,Noticeable
3,2025-01-01T15:53:00,6.26,0.0019,162.86,11.29,Fresh
3,2025-01-01T15:54:00,2.43,0.0058,531.22,16.46,Fresh
3,2025-01-01T15:54:00,2.43,0.0058,531.22,16.46,Fresh
3,2025-01-01T15:55:00,8.18,0.0087,253.24,nan,Stinky
3,2025-01-01T15:56:00,7.92,0.0048,87.53,203.68,Stinky
3,2025-01-01T15:57:00,7.83,0.0062,265.25,nan,Stinky
3,2025-01-01T15:57:00,7.83,0.0062,265.25,nan,Stinky
3,2025-01-01T15:58:00,3.79,0.0051,62.28,112.84,Noticeable
3,2025-01-01T15:59:00,7.11,0.008,306.46,81.88,Stinky
3,2025-01-01T16:00:00,7.19,0.0044,219.2,121.79,Stinky
3,2025-01-01T16:00:00,7.19,0.0044,219.2,121.79,Stinky
3,2025-01-01T16:01:00,9.38,0.0083,519.01,176.39,Fresh
3,2025-01-01T16:02:00,2.09,0.0053,281.85,264.51,Noticeable
3,2025-01-01T16:03:00,9.78,0.0066,526.97,137.6,Noticeable
3,2025-01-01T16:03:00,9.78,0.0066,526.97,137.6,Noticeable
3,2025-01-01T16:04:00,3.97,0.0007,160.69,224.39,Stinky
3,2025-01-01T16:05:00,6.8,0.009,313.95,265.61,Stinky
3,2025-01-01T16:06:00,2.84,0.0089,516.89,104.54,Noticeable
3,2025-01-01T16:06:00,2.84,0.0089,516.89,104.54,Noticeable
3,2025-01-01T16:07:00,4.58,0.0034,347.74,178.8,Stinky
3,2025-01-01T16:08:00,2.31,0.0096,336.62,272.74,Fresh
3,2025-01-01T16:09:00,6.32,0.0033,285.56,243.89,Stinky
3,2025-01-01T16:09:00,6.32,0.0033,285.56,243.89,Stinky
3,2025-01-01T16:10:00,7.77,0.009,597.44,6.22,Stinky
3,2025-01-01T16:11:00,9.39,0.0085,427.43,41.34,Fresh
3,2025-01-01T16:12:00,5.59,0.0006,463.67,81.65,Stinky
3,2025-01-01T16:12:00,5.59,0.0006,463.67,81.65,Stinky
3,2025-01-01T16:13:00,9.53,0.0043,399.36,169.22,Stinky
3,2025-01-01T16:14:00,9.79,0.0045,564.55,114.84,Stinky
3,2025-01-01T16:15:00,7.36,0.0016,568.35,40.64,Stinky
3,2025-01-01T16:15:00,7.36,0.0016,568.35,40.64,Stinky
3,2025-01-01T16:16:00,1.69,0.0091,218.43,15.1,Stinky
3,2025-01-01T16:17:00,5.23,0.001,280.07,12.45,Stinky
3,2025-01-01T16:18:00,1.3,0.005,576.65,nan,Fresh
3,2025-01-01T16:18:00,1.3,0.005,576.65,nan,Fresh
3,2025-01-01T16:19:00,2.03,0.0006,479.9,166.63,Stinky
3,2025-01-01T16:20:00,9.22,0.0047,467.12,201.36,Stinky
3,2025-01-01T16:21:00,0.81,0.0033,309.45,33.99,Stinky
3,2025-01-01T16:21:00,0.81,0.0033,309.45,33.99,Stinky
3,2025-01-01T16:22:00,2.08,0.0055,492.71,258.65,Stinky
3,2025-01-01T16:23:00,5.53,0.008,95.86,42.89,Noticeable
3,2025-01-01T16:24:00,2.47,0.0008,557.32,nan,Stinky
3,2025-01-01T16:24:00,2.47,0.0008,557.32,nan,Stinky
3,2025-01-01T16:25:00,8.9,0.0021,453.18,130.84,Fresh
3,2025-01-01T16:26:00,1.73,0.0093,101.19,5.45,Stinky
3,2025-01-01T16:27:00,8.98,0.0018,179.53,284.5,Fresh
3,2025-01-01T16:27:00,8.98,0.0018,179.53,284.5,Fresh
3,2025-01-01T16:28:00,3.55,0.0023,519.71,nan,Fresh
3,2025-01-01T16:29:00,8.92,0.0033,359.71,nan,Noticeable
3,2025-01-01T16:30:00,8.45,0.0011,435.93,nan,Stinky
3,2025-01-01T16:30:00,8.45,0.0011,435.93,nan,Stinky
3,2025-01-01T16:31:00,6.69,0.0017,73.4,208.43,Fresh
3,2025-01-01T16:32:00,5.98,0.0072,576.26,289.79,Fresh
3,2025-01-01T16:33:00,9.36,0.01,298.32,223.15,Fresh
3,2025-01-01T16:33:00,9.36,0.01,298.32,223.15,Fresh
3,2025-01-01T16:34:00,5.29,0.0065,325.09,66.42,Fresh
3,2025-01-01T16:35:00,2.0,0.0099,358.47,277.12,Fresh
3,2025-01-01T16:36:00,9.56,0.0013,74.54,143.33,Fresh
3,2025-01-01T16:36:00,9.56,0.0013,74.54,143.33,Fresh
3,2025-01-01T16:37:00,4.96,0.0034,383.84,nan,Fresh
3,2025-01-01T16:38:00,4.3,0.0089,408.95,202.39,Fresh
3,2025-01-01T16:39:00,1.76,0.0078,408.07,276.34,Fresh
3,2025-01-01T16:39:00,1.76,0.0078,408.07,276.34,Fresh
