sensor_id,timestamp,light_level_lux,day_of_week
2,2025-01-01T00:00:00,25.25,Wednesday
2,2025-01-01T00:10:00,584.61,Wednesday
2,2025-01-01T00:20:00,215.58,Wednesday
2,2025-01-01T00:30:00,458.65,Wednesday
2,2025-01-01T00:40:00,575.56,Wednesday
2,2025-01-01T00:50:00,795.43,Wednesday
2,2025-01-01T01:00:00,330.05,Wednesday
2,2025-01-01T01:10:00,264.85,Wednesday
2,2025-01-01T01:20:00,10.79,Wednesday
2,2025-01-01T01:30:00,884.23,Wednesday
2,2025-01-01T01:40:00,546.35,Wednesday
2,2025-01-01T01:50:00,435.06,Wednesday
2,2025-01-01T02:00:00,456.44,Wednesday
2,2025-01-01T02:10:00,544.21,Wednesday
2,2025-01-01T02:20:00,659.0,Wednesday
2,2025-01-01T02:30:00,669.7,Wednesday
2,2025-01-01T02:40:00,88.17,Wednesday
2,2025-01-01T02:50:00,559.34,Wednesday
2,2025-01-01T03:00:00,412.39,Wednesday
2,2025-01-01T03:10:00,181.69,Wednesday
2,2025-01-01T03:20:00,829.86,Wednesday
2,2025-01-01T03:30:00,859.0,Wednesday
2,2025-01-01T03:40:00,576.13,Wednesday
2,2025-01-01T03:50:00,217.83,Wednesday
2,2025-01-01T04:00:00,212.75,Wednesday
2,2025-01-01T04:10:00,925.92,Wednesday
2,2025-01-01T04:20:00,211.79,Wednesday
2,2025-01-01T04:30:00,490.45,Wednesday
2,2025-01-01T04:40:00,406.57,Wednesday
2,2025-01-01T04:50:00,455.48,Wednesday
2,2025-01-01T05:00:00,18.4,Wednesday
2,2025-01-01T05:10:00,270.85,Wednesday
2,2025-01-01T05:20:00,932.55,Wednesday
2,2025-01-01T05:30:00,633.13,Wednesday
2,2025-01-01T05:40:00,953.22,Wednesday
2,2025-01-01T05:50:00,781.96,Wednesday
2,2025-01-01T06:00:00,273.53,Wednesday
2,2025-01-01T06:10:00,777.53,Wednesday
2,2025-01-01T06:20:00,897.06,Wednesday
2,2025-01-01T06:30:00,720.26,Wednesday
2,2025-01-01T06:40:00,314.09,Wednesday
2,2025-01-01T06:50:00,367.28,Wednesday
2,2025-01-01T07:00:00,321.03,Wednesday
2,2025-01-01T07:10:00,36.0,Wednesday
2,2025-01-01T07:20:00,887.4,Wednesday
2,2025-01-01T07:30:00,662.18,Wednesday
2,2025-01-01T07:40:00,953.41,Wednesday
2,2025-01-01T07:50:00,925.54,Wednesday
2,2025-01-01T08:00:00,761.53,Wednesday
2,2025-01-01T08:10:00,7.19,Wednesday
2,2025-01-01T08:20:00,31.16,Wednesday
2,2025-01-01T08:30:00,591.54,Wednesday
2,2025-01-01T08:40:00,845.49,Wednesday
2,2025-01-01T08:50:00,948.99,Wednesday
2,2025-01-01T09:00:00,185.06,Wednesday
2,2025-01-01T09:10:00,162.8,Wednesday
2,2025-01-01T09:20:00,968.16,Wednesday
2,2025-01-01T09:30:00,545.51,Wednesday
2,2025-01-01T09:40:00,190.94,Wednesday
2,2025-01-01T09:50:00,16.18,Wednesday
2,2025-01-01T10:00:00,542.92,Wednesday
2,2025-01-01T10:10:00,89.15,Wednesday
2,2025-01-01T10:20:00,703.35,Wednesday
2,2025-01-01T10:30:00,757.53,Wednesday
2,2025-01-01T10:40:00,399.04,Wednesday
2,2025-01-01T10:50:00,775.57,Wednesday
2,2025-01-01T11:00:00,538.17,Wednesday
2,2025-01-01T11:10:00,229.34,Wednesday
2,2025-01-01T11:20:00,592.31,Wednesday
2,2025-01-01T11:30:00,737.86,Wednesday
2,2025-01-01T11:40:00,412.35,Wednesday
2,2025-01-01T11:50:00,380.07,Wednesday
2,2025-01-01T12:00:00,43.26,Wednesday
2,2025-01-01T12:10:00,628.63,Wednesday
2,2025-01-01T12:20:00,334.16,Wednesday
2,2025-01-01T12:30:00,349.91,Wednesday
2,2025-01-01T12:40:00,257.76,Wednesday
2,2025-01-01T12:50:00,375.37,Wednesday
2,2025-01-01T13:00:00,828.49,Wednesday
2,2025-01-01T13:10:00,965.09,Wednesday
2,2025-01-01T13:20:00,973.35,Wednesday
2,2025-01-01T13:30:00,588.03,Wednesday
2,2025-01-01T13:40:00,884.94,Wednesday
2,2025-01-01T13:50:00,351.07,Wednesday
2,2025-01-01T14:00:00,629.24,Wednesday
2,2025-01-01T14:10:00,25.41,Wednesday
2,2025-01-01T14:20:00,320.18,Wednesday
2,2025-01-01T14:30:00,668.98,Wednesday
2,2025-01-01T14:40:00,243.06,Wednesday
2,2025-01-01T14:50:00,562.76,Wednesday
2,2025-01-01T15:00:00,506.24,Wednesday
2,2025-01-01T15:10:00,43.42,Wednesday
2,2025-01-01T15:20:00,673.82,Wednesday
2,2025-01-01T15:30:00,748.99,Wednesday
2,2025-01-01T15:40:00,795.5,Wednesday
2,2025-01-01T15:50:00,916.58,Wednesday
2,2025-01-01T16:00:00,395.13,Wednesday
2,2025-01-01T16:10:00,315.33,Wednesday
2,2025-01-01T16:20:00,901.61,Wednesday
2,2025-01-01T16:30:00,975.25,Wednesday
2,2025-01-01T16:40:00,647.99,Wednesday
2,2025-01-01T16:50:00,156.21,Wednesday
2,2025-01-01T17:00:00,810.93,Wednesday
2,2025-01-01T17:10:00,753.52,Wednesday
2,2025-01-01T17:20:00,745.51,Wednesday
2,2025-01-01T17:30:00,860.02,Wednesday
2,2025-01-01T17:40:00,763.08,Wednesday
2,2025-01-01T17:50:00,371.68,Wednesday
2,2025-01-01T18:00:00,334.85,Wednesday
2,2025-01-01T18:10:00,913.34,Wednesday
2,2025-01-01T18:20:00,763.24,Wednesday
2,2025-01-01T18:30:00,284.52,Wednesday
2,2025-01-01T18:40:00,54.3,Wednesday
2,2025-01-01T18:50:00,165.12,Wednesday
2,2025-01-01T19:00:00,941.1,Wednesday
2,2025-01-01T19:10:00,558.5,Wednesday
2,2025-01-01T19:20:00,678.7,Wednesday
2,2025-01-01T19:30:00,959.22,Wednesday
2,2025-01-01T19:40:00,554.29,Wednesday
2,2025-01-01T19:50:00,84.7,Wednesday
2,2025-01-01T20:00:00,466.17,Wednesday
2,2025-01-01T20:10:00,279.27,Wednesday
2,2025-01-01T20:20:00,465.38,Wednesday
2,2025-01-01T20:30:00,177.74,Wednesday
2,2025-01-01T20:40:00,572.45,Wednesday
2,2025-01-01T20:50:00,272.28,Wednesday
2,2025-01-01T21:00:00,592.46,Wednesday
2,2025-01-01T21:10:00,932.59,Wednesday
2,2025-01-01T21:20:00,221.68,Wednesday
2,2025-01-01T21:30:00,226.73,Wednesday
2,2025-01-01T21:40:00,202.56,Wednesday
2,2025-01-01T21:50:00,36.18,Wednesday
2,2025-01-01T22:00:00,889.18,Wednesday
2,2025-01-01T22:10:00,503.8,Wednesday
2,2025-01-01T22:20:00,484.81,Wednesday
2,2025-01-01T22:30:00,249.03,Wednesday
2,2025-01-01T22:40:00,538.57,Wednesday
2,2025-01-01T22:50:00,709.86,Wednesday
2,2025-01-01T23:00:00,238.85,Wednesday
2,2025-01-01T23:10:00,958.15,Wednesday
2,2025-01-01T23:20:00,261.22,Wednesday
2,2025-01-01T23:30:00,971.64,Wednesday
2,2025-01-01T23:40:00,450.65,Wednesday
2,2025-01-01T23:50:00,355.95,Wednesday
2,2025-01-02T00:00:00,455.43,Thursday
2,2025-01-02T00:10:00,992.66,Thursday
2,2025-01-02T00:20:00,572.28,Thursday
2,2025-01-02T00:30:00,858.9,Thursday
2,2025-01-02T00:40:00,728.3,Thursday
2,2025-01-02T00:50:00,577.58,Thursday
2,2025-01-02T01:00:00,977.76,Thursday
2,2025-01-02T01:10:00,531.38,Thursday
2,2025-01-02T01:20:00,376.98,Thursday
2,2025-01-02T01:30:00,160.3,Thursday
2,2025-01-02T01:40:00,808.13,Thursday
2,2025-01-02T01:50:00,662.3,Thursday
2,2025-01-02T02:00:00,807.74,Thursday
2,2025-01-02T02:10:00,454.5,Thursday
2,2025-01-02T02:20:00,377.07,Thursday
2,2025-01-02T02:30:00,649.83,Thursday
2,2025-01-02T02:40:00,831.64,Thursday
2,2025-01-02T02:50:00,356.24,Thursday
2,2025-01-02T03:00:00,124.76,Thursday
2,2025-01-02T03:10:00,32.39,Thursday
2,2025-01-02T03:20:00,97.69,Thursday
2,2025-01-02T03:30:00,822.83,Thursday
2,2025-01-02T03:40:00,92.72,Thursday
2,2025-01-02T03:50:00,477.89,Thursday
2,2025-01-02T04:00:00,389.46,Thursday
2,2025-01-02T04:10:00,68.68,Thursday
2,2025-01-02T04:20:00,511.23,Thursday
2,2025-01-02T04:30:00,341.99,Thursday
2,2025-01-02T04:40:00,853.67,Thursday
2,2025-01-02T04:50:00,671.69,Thursday
2,2025-01-02T05:00:00,934.99,Thursday
2,2025-01-02T05:10:00,25.8,Thursday
2,2025-01-02T05:20:00,482.12,Thursday
2,2025-01-02T05:30:00,590.79,Thursday
2,2025-01-02T05:40:00,385.31,Thursday
2,2025-01-02T05:50:00,716.1,Thursday
2,2025-01-02T06:00:00,869.54,Thursday
2,2025-01-02T06:10:00,829.09,Thursday
2,2025-01-02T06:20:00,497.33,Thursday
2,2025-01-02T06:30:00,273.29,Thursday
2,2025-01-02T06:40:00,152.67,Thursday
2,2025-01-02T06:50:00,643.97,Thursday
2,2025-01-02T07:00:00,799.5,Thursday
2,2025-01-02T07:10:00,408.24,Thursday
2,2025-01-02T07:20:00,582.83,Thursday
2,2025-01-02T07:30:00,583.85,Thursday
2,2025-01-02T07:40:00,690.58,Thursday
2,2025-01-02T07:50:00,571.71,Thursday
2,2025-01-02T08:00:00,799.52,Thursday
2,2025-01-02T08:10:00,35.61,Thursday
2,2025-01-02T08:20:00,269.66,Thursday
2,2025-01-02T08:30:00,264.1,Thursday
2,2025-01-02T08:40:00,318.05,Thursday
2,2025-01-02T08:50:00,530.63,Thursday
2,2025-01-02T09:00:00,249.54,Thursday
2,2025-01-02T09:10:00,598.17,Thursday
2,2025-01-02T09:20:00,463.02,Thursday
2,2025-01-02T09:30:00,904.45,Thursday
2,2025-01-02T09:40:00,821.27,Thursday
2,2025-01-02T09:50:00,71.58,Thursday
2,2025-01-02T10:00:00,598.52,Thursday
2,2025-01-02T10:10:00,85.47,Thursday
2,2025-01-02T10:20:00,989.27,Thursday
2,2025-01-02T10:30:00,590.88,Thursday
2,2025-01-02T10:40:00,213.92,Thursday
2,2025-01-02T10:50:00,961.8,Thursday
2,2025-01-02T11:00:00,445.01,Thursday
2,2025-01-02T11:10:00,181.71,Thursday
2,2025-01-02T11:20:00,800.85,Thursday
2,2025-01-02T11:30:00,523.41,Thursday
2,2025-01-02T11:40:00,379.4,Thursday
2,2025-01-02T11:50:00,363.31,Thursday
2,2025-01-02T12:00:00,407.81,Thursday
2,2025-01-02T12:10:00,241.8,Thursday
2,2025-01-02T12:20:00,999.31,Thursday
2,2025-01-02T12:30:00,858.88,Thursday
2,2025-01-02T12:40:00,731.47,Thursday
2,2025-01-02T12:50:00,874.9,Thursday
2,2025-01-02T13:00:00,512.19,Thursday
2,2025-01-02T13:10:00,992.77,Thursday
2,2025-01-02T13:20:00,280.29,Thursday
2,2025-01-02T13:30:00,413.93,Thursday
2,2025-01-02T13:40:00,669.02,Thursday
2,2025-01-02T13:50:00,731.22,Thursday
2,2025-01-02T14:00:00,313.02,Thursday
2,2025-01-02T14:10:00,183.69,Thursday
2,2025-01-02T14:20:00,754.12,Thursday
2,2025-01-02T14:30:00,579.29,Thursday
2,2025-01-02T14:40:00,279.83,Thursday
2,2025-01-02T14:50:00,98.68,Thursday
2,2025-01-02T15:00:00,53.37,Thursday
2,2025-01-02T15:10:00,224.79,Thursday
2,2025-01-02T15:20:00,443.29,Thursday
2,2025-01-02T15:30:00,75.94,Thursday
2,2025-01-02T15:40:00,739.43,Thursday
2,2025-01-02T15:50:00,768.65,Thursday
2,2025-01-02T16:00:00,889.06,Thursday
2,2025-01-02T16:10:00,668.1,Thursday
2,2025-01-02T16:20:00,420.02,Thursday
2,2025-01-02T16:30:00,234.86,Thursday
2,2025-01-02T16:40:00,817.04,Thursday
2,2025-01-02T16:50:00,668.38,Thursday
2,2025-01-02T17:00:00,184.39,Thursday
2,2025-01-02T17:10:00,983.47,Thursday
2,2025-01-02T17:20:00,907.67,Thursday
2,2025-01-02T17:30:00,420.44,Thursday
2,2025-01-02T17:40:00,806.52,Thursday
2,2025-01-02T17:50:00,911.42,Thursday
2,2025-01-02T18:00:00,622.25,Thursday
2,2025-01-02T18:10:00,321.71,Thursday
2,2025-01-02T18:20:00,980.45,Thursday
2,2025-01-02T18:30:00,778.92,Thursday
2,2025-01-02T18:40:00,642.11,Thursday
2,2025-01-02T18:50:00,907.24,Thursday
2,2025-01-02T19:00:00,947.39,Thursday
2,2025-01-02T19:10:00,518.15,Thursday
2,2025-01-02T19:20:00,13.17,Thursday
2,2025-01-02T19:30:00,251.87,Thursday
2,2025-01-02T19:40:00,973.5,Thursday
2,2025-01-02T19:50:00,977.53,Thursday
2,2025-01-02T20:00:00,673.51,Thursday
2,2025-01-02T20:10:00,577.59,Thursday
2,2025-01-02T20:20:00,899.47,Thursday
2,2025-01-02T20:30:00,624.04,Thursday
2,2025-01-02T20:40:00,33.33,Thursday
2,2025-01-02T20:50:00,535.73,Thursday
2,2025-01-02T21:00:00,376.45,Thursday
2,2025-01-02T21:10:00,424.85,Thursday
2,2025-01-02T21:20:00,206.45,Thursday
2,2025-01-02T21:30:00,478.03,Thursday
2,2025-01-02T21:40:00,810.37,Thursday
2,2025-01-02T21:50:00,604.87,Thursday
2,2025-01-02T22:00:00,409.64,Thursday
2,2025-01-02T22:10:00,754.2,Thursday
2,2025-01-02T22:20:00,225.35,Thursday
2,2025-01-02T22:30:00,156.05,Thursday
2,2025-01-02T22:40:00,260.34,Thursday
2,2025-01-02T22:50:00,247.77,Thursday
2,2025-01-02T23:00:00,595.55,Thursday
2,2025-01-02T23:10:00,439.52,Thursday
2,2025-01-02T23:20:00,149.45,Thursday
2,2025-01-02T23:30:00,991.39,Thursday
2,2025-01-02T23:40:00,30.08,Thursday
2,2025-01-02T23:50:00,471.21,Thursday
2,2025-01-03T00:00:00,738.91,Friday
2,2025-01-03T00:10:00,469.41,Friday
2,2025-01-03T00:20:00,931.12,Friday
2,2025-01-03T00:30:00,107.37,Friday
2,2025-01-03T00:40:00,455.72,Friday
2,2025-01-03T00:50:00,881.5,Friday
2,2025-01-03T01:00:00,628.2,Friday
2,2025-01-03T01:10:00,470.07,Friday
2,2025-01-03T01:20:00,685.76,Friday
2,2025-01-03T01:30:00,932.51,Friday
2,2025-01-03T01:40:00,240.27,Friday
2,2025-01-03T01:50:00,690.79,Friday
2,2025-01-03T02:00:00,494.11,Friday
2,2025-01-03T02:10:00,680.21,Friday
2,2025-01-03T02:20:00,736.79,Friday
2,2025-01-03T02:30:00,469.84,Friday
2,2025-01-03T02:40:00,888.89,Friday
2,2025-01-03T02:50:00,225.91,Friday
2,2025-01-03T03:00:00,420.75,Friday
2,2025-01-03T03:10:00,14.32,Friday
2,2025-01-03T03:20:00,237.48,Friday
2,2025-01-03T03:30:00,912.64,Friday
2,2025-01-03T03:40:00,235.51,Friday
2,2025-01-03T03:50:00,993.6,Friday
2,2025-01-03T04:00:00,63.37,Friday
2,2025-01-03T04:10:00,382.83,Friday
2,2025-01-03T04:20:00,785.17,Friday
2,2025-01-03T04:30:00,692.34,Friday
2,2025-01-03T04:40:00,826.17,Friday
2,2025-01-03T04:50:00,885.75,Friday
2,2025-01-03T05:00:00,688.3,Friday
2,2025-01-03T05:10:00,976.3,Friday
2,2025-01-03T05:20:00,834.6,Friday
2,2025-01-03T05:30:00,728.44,Friday
2,2025-01-03T05:40:00,182.18,Friday
2,2025-01-03T05:50:00,278.38,Friday
2,2025-01-03T06:00:00,749.88,Friday
2,2025-01-03T06:10:00,134.83,Friday
2,2025-01-03T06:20:00,491.59,Friday
2,2025-01-03T06:30:00,687.91,Friday
2,2025-01-03T06:40:00,805.25,Friday
2,2025-01-03T06:50:00,21.25,Friday
2,2025-01-03T07:00:00,256.68,Friday
2,2025-01-03T07:10:00,262.74,Friday
2,2025-01-03T07:20:00,756.26,Friday
2,2025-01-03T07:30:00,191.25,Friday
2,2025-01-03T07:40:00,75.29,Friday
2,2025-01-03T07:50:00,777.99,Friday
2,2025-01-03T08:00:00,709.05,Friday
2,2025-01-03T08:10:00,694.58,Friday
2,2025-01-03T08:20:00,714.31,Friday
2,2025-01-03T08:30:00,820.51,Friday
2,2025-01-03T08:40:00,617.77,Friday
2,2025-01-03T08:50:00,423.3,Friday
2,2025-01-03T09:00:00,50.85,Friday
2,2025-01-03T09:10:00,922.61,Friday
2,2025-01-03T09:20:00,82.18,Friday
2,2025-01-03T09:30:00,85.24,Friday
2,2025-01-03T09:40:00,149.28,Friday
2,2025-01-03T09:50:00,397.89,Friday
2,2025-01-03T10:00:00,638.45,Friday
2,2025-01-03T10:10:00,743.69,Friday
2,2025-01-03T10:20:00,9.29,Friday
2,2025-01-03T10:30:00,826.08,Friday
2,2025-01-03T10:40:00,163.56,Friday
2,2025-01-03T10:50:00,165.07,Friday
2,2025-01-03T11:00:00,499.22,Friday
2,2025-01-03T11:10:00,492.09,Friday
2,2025-01-03T11:20:00,926.74,Friday
2,2025-01-03T11:30:00,601.22,Friday
2,2025-01-03T11:40:00,319.96,Friday
2,2025-01-03T11:50:00,612.27,Friday
2,2025-01-03T12:00:00,294.27,Friday
2,2025-01-03T12:10:00,946.89,Friday
2,2025-01-03T12:20:00,400.29,Friday
2,2025-01-03T12:30:00,45.77,Friday
2,2025-01-03T12:40:00,688.65,Friday
2,2025-01-03T12:50:00,624.53,Friday
2,2025-01-03T13:00:00,975.4,Friday
2,2025-01-03T13:10:00,362.8,Friday
2,2025-01-03T13:20:00,329.99,Friday
2,2025-01-03T13:30:00,48.21,Friday
2,2025-01-03T13:40:00,811.1,Friday
2,2025-01-03T13:50:00,678.16,Friday
2,2025-01-03T14:00:00,594.15,Friday
2,2025-01-03T14:10:00,398.76,Friday
2,2025-01-03T14:20:00,674.79,Friday
2,2025-01-03T14:30:00,849.24,Friday
2,2025-01-03T14:40:00,923.39,Friday
2,2025-01-03T14:50:00,262.54,Friday
2,2025-01-03T15:00:00,171.08,Friday
2,2025-01-03T15:10:00,166.7,Friday
2,2025-01-03T15:20:00,924.41,Friday
2,2025-01-03T15:30:00,545.71,Friday
2,2025-01-03T15:40:00,292.45,Friday
2,2025-01-03T15:50:00,123.65,Friday
2,2025-01-03T16:00:00,93.29,Friday
2,2025-01-03T16:10:00,870.66,Friday
2,2025-01-03T16:20:00,117.9,Friday
2,2025-01-03T16:30:00,717.15,Friday
2,2025-01-03T16:40:00,356.45,Friday
2,2025-01-03T16:50:00,706.29,Friday
2,2025-01-03T17:00:00,183.21,Friday
2,2025-01-03T17:10:00,936.03,Friday
2,2025-01-03T17:20:00,975.95,Friday
2,2025-01-03T17:30:00,673.38,Friday
2,2025-01-03T17:40:00,911.03,Friday
2,2025-01-03T17:50:00,371.29,Friday
2,2025-01-03T18:00:00,925.5,Friday
2,2025-01-03T18:10:00,397.7,Friday
2,2025-01-03T18:20:00,229.0,Friday
2,2025-01-03T18:30:00,357.1,Friday
2,2025-01-03T18:40:00,470.91,Friday
2,2025-01-03T18:50:00,518.53,Friday
2,2025-01-03T19:00:00,494.44,Friday
2,2025-01-03T19:10:00,683.93,Friday
2,2025-01-03T19:20:00,4.96,Friday
2,2025-01-03T19:30:00,623.29,Friday
2,2025-01-03T19:40:00,40.6,Friday
2,2025-01-03T19:50:00,474.77,Friday
2,2025-01-03T20:00:00,228.02,Friday
2,2025-01-03T20:10:00,274.02,Friday
2,2025-01-03T20:20:00,189.88,Friday
2,2025-01-03T20:30:00,806.95,Friday
2,2025-01-03T20:40:00,441.37,Friday
2,2025-01-03T20:50:00,186.38,Friday
2,2025-01-03T21:00:00,181.8,Friday
2,2025-01-03T21:10:00,57.8,Friday
2,2025-01-03T21:20:00,664.98,Friday
2,2025-01-03T21:30:00,898.57,Friday
2,2025-01-03T21:40:00,247.7,Friday
2,2025-01-03T21:50:00,169.78,Friday
2,2025-01-03T22:00:00,208.67,Friday
2,2025-01-03T22:10:00,822.99,Friday
2,2025-01-03T22:20:00,834.17,Friday
2,2025-01-03T22:30:00,902.34,Friday
2,2025-01-03T22:40:00,579.62,Friday
2,2025-01-03T22:50:00,712.39,Friday
2,2025-01-03T23:00:00,767.67,Friday
2,2025-01-03T23:10:00,968.36,Friday
2,2025-01-03T23:20:00,723.94,Friday
2,2025-01-03T23:30:00,267.11,Friday
2,2025-01-03T23:40:00,809.97,Friday
2,2025-01-03T23:50:00,650.6,Friday
2,2025-01-04T00:00:00,796.03,Saturday
2,2025-01-04T00:10:00,121.63,Saturday
2,2025-01-04T00:20:00,61.88,Saturday
2,2025-01-04T00:30:00,708.62,Saturday
2,2025-01-04T00:40:00,690.4,Saturday
2,2025-01-04T00:50:00,630.72,Saturday
2,2025-01-04T01:00:00,997.39,Saturday
2,2025-01-04T01:10:00,709.21,Saturday
2,2025-01-04T01:20:00,611.19,Saturday
2,2025-01-04T01:30:00,434.6,Saturday
2,2025-01-04T01:40:00,101.85,Saturday
2,2025-01-04T01:50:00,721.35,Saturday
2,2025-01-04T02:00:00,387.87,Saturday
2,2025-01-04T02:10:00,126.73,Saturday
2,2025-01-04T02:20:00,707.11,Saturday
2,2025-01-04T02:30:00,937.89,Saturday
2,2025-01-04T02:40:00,307.37,Saturday
2,2025-01-04T02:50:00,775.89,Saturday
2,2025-01-04T03:00:00,886.43,Saturday
2,2025-01-04T03:10:00,654.42,Saturday
2,2025-01-04T03:20:00,542.05,Saturday
2,2025-01-04T03:30:00,726.66,Saturday
2,2025-01-04T03:40:00,418.76,Saturday
2,2025-01-04T03:50:00,700.37,Saturday
2,2025-01-04T04:00:00,394.65,Saturday
2,2025-01-04T04:10:00,860.59,Saturday
2,2025-01-04T04:20:00,559.95,Saturday
2,2025-01-04T04:30:00,497.53,Saturday
2,2025-01-04T04:40:00,349.63,Saturday
2,2025-01-04T04:50:00,305.88,Saturday
2,2025-01-04T05:00:00,193.72,Saturday
2,2025-01-04T05:10:00,40.57,Saturday
2,2025-01-04T05:20:00,243.9,Saturday
2,2025-01-04T05:30:00,944.0,Saturday
2,2025-01-04T05:40:00,880.84,Saturday
2,2025-01-04T05:50:00,372.44,Saturday
2,2025-01-04T06:00:00,576.24,Saturday
2,2025-01-04T06:10:00,11.68,Saturday
2,2025-01-04T06:20:00,321.49,Saturday
2,2025-01-04T06:30:00,986.06,Saturday
2,2025-01-04T06:40:00,582.1,Saturday
2,2025-01-04T06:50:00,16.33,Saturday
2,2025-01-04T07:00:00,736.41,Saturday
2,2025-01-04T07:10:00,711.89,Saturday
2,2025-01-04T07:20:00,893.74,Saturday
2,2025-01-04T07:30:00,574.92,Saturday
2,2025-01-04T07:40:00,685.38,Saturday
2,2025-01-04T07:50:00,719.47,Saturday
2,2025-01-04T08:00:00,374.58,Saturday
2,2025-01-04T08:10:00,822.29,Saturday
2,2025-01-04T08:20:00,587.44,Saturday
2,2025-01-04T08:30:00,419.53,Saturday
2,2025-01-04T08:40:00,797.11,Saturday
2,2025-01-04T08:50:00,625.66,Saturday
2,2025-01-04T09:00:00,446.98,Saturday
2,2025-01-04T09:10:00,687.18,Saturday
2,2025-01-04T09:20:00,761.62,Saturday
2,2025-01-04T09:30:00,786.29,Saturday
2,2025-01-04T09:40:00,175.34,Saturday
2,2025-01-04T09:50:00,745.15,Saturday
2,2025-01-04T10:00:00,951.32,Saturday
2,2025-01-04T10:10:00,136.67,Saturday
2,2025-01-04T10:20:00,153.99,Saturday
2,2025-01-04T10:30:00,826.55,Saturday
2,2025-01-04T10:40:00,199.57,Saturday
2,2025-01-04T10:50:00,335.58,Saturday
2,2025-01-04T11:00:00,468.96,Saturday
2,2025-01-04T11:10:00,797.0,Saturday
2,2025-01-04T11:20:00,41.88,Saturday
2,2025-01-04T11:30:00,264.59,Saturday
2,2025-01-04T11:40:00,659.4,Saturday
2,2025-01-04T11:50:00,948.23,Saturday
2,2025-01-04T12:00:00,479.95,Saturday
2,2025-01-04T12:10:00,550.4,Saturday
2,2025-01-04T12:20:00,865.35,Saturday
2,2025-01-04T12:30:00,966.83,Saturday
2,2025-01-04T12:40:00,957.95,Saturday
2,2025-01-04T12:50:00,510.57,Saturday
2,2025-01-04T13:00:00,403.27,Saturday
2,2025-01-04T13:10:00,191.38,Saturday
2,2025-01-04T13:20:00,322.64,Saturday
2,2025-01-04T13:30:00,417.35,Saturday
2,2025-01-04T13:40:00,229.51,Saturday
2,2025-01-04T13:50:00,704.68,Saturday
2,2025-01-04T14:00:00,431.22,Saturday
2,2025-01-04T14:10:00,170.49,Saturday
2,2025-01-04T14:20:00,752.19,Saturday
2,2025-01-04T14:30:00,129.86,Saturday
2,2025-01-04T14:40:00,620.2,Saturday
2,2025-01-04T14:50:00,54.99,Saturday
2,2025-01-04T15:00:00,187.83,Saturday
2,2025-01-04T15:10:00,802.71,Saturday
2,2025-01-04T15:20:00,883.52,Saturday
2,2025-01-04T15:30:00,406.16,Saturday
2,2025-01-04T15:40:00,203.05,Saturday
2,2025-01-04T15:50:00,767.78,Saturday
2,2025-01-04T16:00:00,664.45,Saturday
2,2025-01-04T16:10:00,436.0,Saturday
2,2025-01-04T16:20:00,121.89,Saturday
2,2025-01-04T16:30:00,350.31,Saturday
2,2025-01-04T16:40:00,541.19,Saturday
2,2025-01-04T16:50:00,150.63,Saturday
2,2025-01-04T17:00:00,143.51,Saturday
2,2025-01-04T17:10:00,372.81,Saturday
2,2025-01-04T17:20:00,966.56,Saturday
2,2025-01-04T17:30:00,295.34,Saturday
2,2025-01-04T17:40:00,244.5,Saturday
2,2025-01-04T17:50:00,802.31,Saturday
2,2025-01-04T18:00:00,768.64,Saturday
2,2025-01-04T18:10:00,5.4,Saturday
2,2025-01-04T18:20:00,523.0,Saturday
2,2025-01-04T18:30:00,74.96,Saturday
2,2025-01-04T18:40:00,470.17,Saturday
2,2025-01-04T18:50:00,395.13,Saturday
2,2025-01-04T19:00:00,92.35,Saturday
2,2025-01-04T19:10:00,453.07,Saturday
2,2025-01-04T19:20:00,534.5,Saturday
2,2025-01-04T19:30:00,478.15,Saturday
2,2025-01-04T19:40:00,128.58,Saturday
2,2025-01-04T19:50:00,660.52,Saturday
2,2025-01-04T20:00:00,338.69,Saturday
2,2025-01-04T20:10:00,696.64,Saturday
2,2025-01-04T20:20:00,548.92,Saturday
2,2025-01-04T20:30:00,848.68,Saturday
2,2025-01-04T20:40:00,179.66,Saturday
2,2025-01-04T20:50:00,704.51,Saturday
2,2025-01-04T21:00:00,660.19,Saturday
2,2025-01-04T21:10:00,170.71,Saturday
2,2025-01-04T21:20:00,67.64,Saturday
2,2025-01-04T21:30:00,406.94,Saturday
2,2025-01-04T21:40:00,142.57,Saturday
2,2025-01-04T21:50:00,834.94,Saturday
2,2025-01-04T22:00:00,219.94,Saturday
2,2025-01-04T22:10:00,163.18,Saturday
2,2025-01-04T22:20:00,898.87,Saturday
2,2025-01-04T22:30:00,176.97,Saturday
2,2025-01-04T22:40:00,650.56,Saturday
2,2025-01-04T22:50:00,955.12,Saturday
2,2025-01-04T23:00:00,720.74,Saturday
2,2025-01-04T23:10:00,397.63,Saturday
2,2025-01-04T23:20:00,800.41,Saturday
2,2025-01-04T23:30:00,395.59,Saturday
2,2025-01-04T23:40:00,506.12,Saturday
2,2025-01-04T23:50:00,311.03,Saturday
2,2025-01-05T00:00:00,662.96,Sunday
2,2025-01-05T00:10:00,144.25,Sunday
2,2025-01-05T00:20:00,914.45,Sunday
2,2025-01-05T00:30:00,602.99,Sunday
2,2025-01-05T00:40:00,636.74,Sunday
2,2025-01-05T00:50:00,438.44,Sunday
2,2025-01-05T01:00:00,356.51,Sunday
2,2025-01-05T01:10:00,819.67,Sunday
2,2025-01-05T01:20:00,667.91,Sunday
2,2025-01-05T01:30:00,650.51,Sunday
2,2025-01-05T01:40:00,597.19,Sunday
2,2025-01-05T01:50:00,831.18,Sunday
2,2025-01-05T02:00:00,845.36,Sunday
2,2025-01-05T02:10:00,364.92,Sunday
2,2025-01-05T02:20:00,444.16,Sunday
2,2025-01-05T02:30:00,436.99,Sunday
2,2025-01-05T02:40:00,90.61,Sunday
2,2025-01-05T02:50:00,781.21,Sunday
2,2025-01-05T03:00:00,303.12,Sunday
2,2025-01-05T03:10:00,596.0,Sunday
2,2025-01-05T03:20:00,530.7,Sunday
2,2025-01-05T03:30:00,184.51,Sunday
2,2025-01-05T03:40:00,931.31,Sunday
2,2025-01-05T03:50:00,575.34,Sunday
2,2025-01-05T04:00:00,492.21,Sunday
2,2025-01-05T04:10:00,972.07,Sunday
2,2025-01-05T04:20:00,204.57,Sunday
2,2025-01-05T04:30:00,865.09,Sunday
2,2025-01-05T04:40:00,180.95,Sunday
2,2025-01-05T04:50:00,399.65,Sunday
2,2025-01-05T05:00:00,518.24,Sunday
2,2025-01-05T05:10:00,907.21,Sunday
2,2025-01-05T05:20:00,8.54,Sunday
2,2025-01-05T05:30:00,836.84,Sunday
2,2025-01-05T05:40:00,876.77,Sunday
2,2025-01-05T05:50:00,518.64,Sunday
2,2025-01-05T06:00:00,180.26,Sunday
2,2025-01-05T06:10:00,367.07,Sunday
2,2025-01-05T06:20:00,892.0,Sunday
2,2025-01-05T06:30:00,621.44,Sunday
2,2025-01-05T06:40:00,717.11,Sunday
2,2025-01-05T06:50:00,853.57,Sunday
2,2025-01-05T07:00:00,588.55,Sunday
2,2025-01-05T07:10:00,574.18,Sunday
2,2025-01-05T07:20:00,126.67,Sunday
2,2025-01-05T07:30:00,703.83,Sunday
2,2025-01-05T07:40:00,334.85,Sunday
2,2025-01-05T07:50:00,425.44,Sunday
2,2025-01-05T08:00:00,375.53,Sunday
2,2025-01-05T08:10:00,192.34,Sunday
2,2025-01-05T08:20:00,214.4,Sunday
2,2025-01-05T08:30:00,365.45,Sunday
2,2025-01-05T08:40:00,415.24,Sunday
2,2025-01-05T08:50:00,413.39,Sunday
2,2025-01-05T09:00:00,507.02,Sunday
2,2025-01-05T09:10:00,509.8,Sunday
2,2025-01-05T09:20:00,61.37,Sunday
2,2025-01-05T09:30:00,873.23,Sunday
2,2025-01-05T09:40:00,762.71,Sunday
2,2025-01-05T09:50:00,703.39,Sunday
2,2025-01-05T10:00:00,710.54,Sunday
2,2025-01-05T10:10:00,7.0,Sunday
2,2025-01-05T10:20:00,989.76,Sunday
2,2025-01-05T10:30:00,0.36,Sunday
2,2025-01-05T10:40:00,338.92,Sunday
2,2025-01-05T10:50:00,851.53,Sunday
2,2025-01-05T11:00:00,857.79,Sunday
2,2025-01-05T11:10:00,177.2,Sunday
2,2025-01-05T11:20:00,994.46,Sunday
2,2025-01-05T11:30:00,644.83,Sunday
2,2025-01-05T11:40:00,812.79,Sunday
2,2025-01-05T11:50:00,56.81,Sunday
2,2025-01-05T12:00:00,867.92,Sunday
2,2025-01-05T12:10:00,522.88,Sunday
2,2025-01-05T12:20:00,111.28,Sunday
2,2025-01-05T12:30:00,240.39,Sunday
2,2025-01-05T12:40:00,384.78,Sunday
2,2025-01-05T12:50:00,251.68,Sunday
2,2025-01-05T13:00:00,384.99,Sunday
2,2025-01-05T13:10:00,844.45,Sunday
2,2025-01-05T13:20:00,24.87,Sunday
2,2025-01-05T13:30:00,602.28,Sunday
2,2025-01-05T13:40:00,9.99,Sunday
2,2025-01-05T13:50:00,884.72,Sunday
2,2025-01-05T14:00:00,9.54,Sunday
2,2025-01-05T14:10:00,875.38,Sunday
2,2025-01-05T14:20:00,599.3,Sunday
2,2025-01-05T14:30:00,689.7,Sunday
2,2025-01-05T14:40:00,123.71,Sunday
2,2025-01-05T14:50:00,822.83,Sunday
2,2025-01-05T15:00:00,991.61,Sunday
2,2025-01-05T15:10:00,582.96,Sunday
2,2025-01-05T15:20:00,32.12,Sunday
2,2025-01-05T15:30:00,441.18,Sunday
2,2025-01-05T15:40:00,519.29,Sunday
2,2025-01-05T15:50:00,500.01,Sunday
2,2025-01-05T16:00:00,85.72,Sunday
2,2025-01-05T16:10:00,175.11,Sunday
2,2025-01-05T16:20:00,849.22,Sunday
2,2025-01-05T16:30:00,618.69,Sunday
2,2025-01-05T16:40:00,854.08,Sunday
2,2025-01-05T16:50:00,973.18,Sunday
2,2025-01-05T17:00:00,14.54,Sunday
2,2025-01-05T17:10:00,945.88,Sunday
2,2025-01-05T17:20:00,579.52,Sunday
2,2025-01-05T17:30:00,850.2,Sunday
2,2025-01-05T17:40:00,130.56,Sunday
2,2025-01-05T17:50:00,881.1,Sunday
2,2025-01-05T18:00:00,771.25,Sunday
2,2025-01-05T18:10:00,531.13,Sunday
2,2025-01-05T18:20:00,211.95,Sunday
2,2025-01-05T18:30:00,545.78,Sunday
2,2025-01-05T18:40:00,406.21,Sunday
2,2025-01-05T18:50:00,98.22,Sunday
2,2025-01-05T19:00:00,129.94,Sunday
2,2025-01-05T19:10:00,543.86,Sunday
2,2025-01-05T19:20:00,622.09,Sunday
2,2025-01-05T19:30:00,443.08,Sunday
2,2025-01-05T19:40:00,64.26,Sunday
2,2025-01-05T19:50:00,74.95,Sunday
2,2025-01-05T20:00:00,732.26,Sunday
2,2025-01-05T20:10:00,744.46,Sunday
2,2025-01-05T20:20:00,295.02,Sunday
2,2025-01-05T20:30:00,834.57,Sunday
2,2025-01-05T20:40:00,970.84,Sunday
2,2025-01-05T20:50:00,47.07,Sunday
2,2025-01-05T21:00:00,950.81,Sunday
2,2025-01-05T21:10:00,485.37,Sunday
2,2025-01-05T21:20:00,489.54,Sunday
2,2025-01-05T21:30:00,558.2,Sunday
2,2025-01-05T21:40:00,924.05,Sunday
2,2025-01-05T21:50:00,27.07,Sunday
2,2025-01-05T22:00:00,632.94,Sunday
2,2025-01-05T22:10:00,218.39,Sunday
2,2025-01-05T22:20:00,83.08,Sunday
2,2025-01-05T22:30:00,257.55,Sunday
2,2025-01-05T22:40:00,679.16,Sunday
2,2025-01-05T22:50:00,592.84,Sunday
2,2025-01-05T23:00:00,611.87,Sunday
2,2025-01-05T23:10:00,342.46,Sunday
2,2025-01-05T23:20:00,429.13,Sunday
2,2025-01-05T23:30:00,824.18,Sunday
2,2025-01-05T23:40:00,502.01,Sunday
2,2025-01-05T23:50:00,482.61,Sunday
2,2025-01-06T00:00:00,924.35,Monday
2,2025-01-06T00:10:00,622.26,Monday
2,2025-01-06T00:20:00,573.79,Monday
2,2025-01-06T00:30:00,611.15,Monday
2,2025-01-06T00:40:00,770.85,Monday
2,2025-01-06T00:50:00,853.71,Monday
2,2025-01-06T01:00:00,140.05,Monday
2,2025-01-06T01:10:00,541.15,Monday
2,2025-01-06T01:20:00,849.71,Monday
2,2025-01-06T01:30:00,651.68,Monday
2,2025-01-06T01:40:00,421.04,Monday
2,2025-01-06T01:50:00,269.57,Monday
2,2025-01-06T02:00:00,671.73,Monday
2,2025-01-06T02:10:00,548.99,Monday
2,2025-01-06T02:20:00,411.49,Monday
2,2025-01-06T02:30:00,479.51,Monday
2,2025-01-06T02:40:00,181.01,Monday
2,2025-01-06T02:50:00,508.44,Monday
2,2025-01-06T03:00:00,180.18,Monday
2,2025-01-06T03:10:00,15.81,Monday
2,2025-01-06T03:20:00,626.87,Monday
2,2025-01-06T03:30:00,809.3,Monday
2,2025-01-06T03:40:00,353.95,Monday
2,2025-01-06T03:50:00,3.03,Monday
2,2025-01-06T04:00:00,209.74,Monday
2,2025-01-06T04:10:00,243.7,Monday
2,2025-01-06T04:20:00,755.53,Monday
2,2025-01-06T04:30:00,996.16,Monday
2,2025-01-06T04:40:00,187.51,Monday
2,2025-01-06T04:50:00,409.68,Monday
2,2025-01-06T05:00:00,42.05,Monday
2,2025-01-06T05:10:00,673.89,Monday
2,2025-01-06T05:20:00,437.61,Monday
2,2025-01-06T05:30:00,961.09,Monday
2,2025-01-06T05:40:00,143.13,Monday
2,2025-01-06T05:50:00,496.21,Monday
2,2025-01-06T06:00:00,870.47,Monday
2,2025-01-06T06:10:00,992.88,Monday
2,2025-01-06T06:20:00,303.96,Monday
2,2025-01-06T06:30:00,344.88,Monday
2,2025-01-06T06:40:00,141.92,Monday
2,2025-01-06T06:50:00,621.47,Monday
2,2025-01-06T07:00:00,995.35,Monday
2,2025-01-06T07:10:00,983.0,Monday
2,2025-01-06T07:20:00,416.6,Monday
2,2025-01-06T07:30:00,901.71,Monday
2,2025-01-06T07:40:00,523.78,Monday
2,2025-01-06T07:50:00,960.92,Monday
2,2025-01-06T08:00:00,124.75,Monday
2,2025-01-06T08:10:00,686.99,Monday
2,2025-01-06T08:20:00,171.96,Monday
2,2025-01-06T08:30:00,469.77,Monday
2,2025-01-06T08:40:00,253.06,Monday
2,2025-01-06T08:50:00,766.02,Monday
2,2025-01-06T09:00:00,586.75,Monday
2,2025-01-06T09:10:00,289.3,Monday
2,2025-01-06T09:20:00,621.84,Monday
2,2025-01-06T09:30:00,120.02,Monday
2,2025-01-06T09:40:00,860.08,Monday
2,2025-01-06T09:50:00,477.29,Monday
2,2025-01-06T10:00:00,814.18,Monday
2,2025-01-06T10:10:00,420.73,Monday
2,2025-01-06T10:20:00,705.8,Monday
2,2025-01-06T10:30:00,448.78,Monday
2,2025-01-06T10:40:00,105.68,Monday
2,2025-01-06T10:50:00,421.55,Monday
2,2025-01-06T11:00:00,151.96,Monday
2,2025-01-06T11:10:00,369.76,Monday
2,2025-01-06T11:20:00,496.3,Monday
2,2025-01-06T11:30:00,171.06,Monday
2,2025-01-06T11:40:00,763.69,Monday
2,2025-01-06T11:50:00,225.86,Monday
2,2025-01-06T12:00:00,251.85,Monday
2,2025-01-06T12:10:00,537.18,Monday
2,2025-01-06T12:20:00,573.68,Monday
2,2025-01-06T12:30:00,154.9,Monday
2,2025-01-06T12:40:00,92.64,Monday
2,2025-01-06T12:50:00,925.2,Monday
2,2025-01-06T13:00:00,740.15,Monday
2,2025-01-06T13:10:00,633.93,Monday
2,2025-01-06T13:20:00,551.72,Monday
2,2025-01-06T13:30:00,372.87,Monday
2,2025-01-06T13:40:00,799.32,Monday
2,2025-01-06T13:50:00,900.08,Monday
2,2025-01-06T14:00:00,966.85,Monday
2,2025-01-06T14:10:00,372.24,Monday
2,2025-01-06T14:20:00,364.62,Monday
2,2025-01-06T14:30:00,374.56,Monday
2,2025-01-06T14:40:00,767.22,Monday
2,2025-01-06T14:50:00,516.52,Monday
2,2025-01-06T15:00:00,598.06,Monday
2,2025-01-06T15:10:00,189.57,Monday
2,2025-01-06T15:20:00,973.03,Monday
2,2025-01-06T15:30:00,259.91,Monday
2,2025-01-06T15:40:00,627.66,Monday
2,2025-01-06T15:50:00,959.73,Monday
2,2025-01-06T16:00:00,209.82,Monday
2,2025-01-06T16:10:00,968.91,Monday
2,2025-01-06T16:20:00,354.32,Monday
2,2025-01-06T16:30:00,857.59,Monday
2,2025-01-06T16:40:00,726.73,Monday
2,2025-01-06T16:50:00,21.93,Monday
2,2025-01-06T17:00:00,704.21,Monday
2,2025-01-06T17:10:00,940.01,Monday
2,2025-01-06T17:20:00,38.64,Monday
2,2025-01-06T17:30:00,565.21,Monday
2,2025-01-06T17:40:00,253.0,Monday
2,2025-01-06T17:50:00,344.83,Monday
2,2025-01-06T18:00:00,762.44,Monday
2,2025-01-06T18:10:00,452.39,Monday
2,2025-01-06T18:20:00,499.86,Monday
2,2025-01-06T18:30:00,430.18,Monday
2,2025-01-06T18:40:00,563.94,Monday
2,2025-01-06T18:50:00,830.01,Monday
2,2025-01-06T19:00:00,156.22,Monday
2,2025-01-06T19:10:00,971.62,Monday
2,2025-01-06T19:20:00,829.84,Monday
2,2025-01-06T19:30:00,458.55,Monday
2,2025-01-06T19:40:00,6.02,Monday
2,2025-01-06T19:50:00,567.42,Monday
2,2025-01-06T20:00:00,126.36,Monday
2,2025-01-06T20:10:00,199.88,Monday
2,2025-01-06T20:20:00,508.8,Monday
2,2025-01-06T20:30:00,808.39,Monday
2,2025-01-06T20:40:00,425.37,Monday
2,2025-01-06T20:50:00,147.68,Monday
2,2025-01-06T21:00:00,844.53,Monday
2,2025-01-06T21:10:00,89.11,Monday
2,2025-01-06T21:20:00,72.23,Monday
2,2025-01-06T21:30:00,703.14,Monday
2,2025-01-06T21:40:00,418.91,Monday
2,2025-01-06T21:50:00,122.85,Monday
2,2025-01-06T22:00:00,1.07,Monday
2,2025-01-06T22:10:00,354.83,Monday
2,2025-01-06T22:20:00,409.23,Monday
2,2025-01-06T22:30:00,878.67,Monday
2,2025-01-06T22:40:00,95.18,Monday
2,2025-01-06T22:50:00,246.4,Monday
2,2025-01-06T23:00:00,223.35,Monday
2,2025-01-06T23:10:00,188.33,Monday
2,2025-01-06T23:20:00,784.22,Monday
2,2025-01-06T23:30:00,327.94,Monday
2,2025-01-06T23:40:00,807.23,Monday
2,2025-01-06T23:50:00,889.06,Monday
2,2025-01-07T00:00:00,482.5,Tuesday
2,2025-01-07T00:10:00,513.83,Tuesday
2,2025-01-07T00:20:00,818.53,Tuesday
2,2025-01-07T00:30:00,522.11,Tuesday
2,2025-01-07T00:40:00,820.17,Tuesday
2,2025-01-07T00:50:00,120.66,Tuesday
2,2025-01-07T01:00:00,902.69,Tuesday
2,2025-01-07T01:10:00,155.27,Tuesday
2,2025-01-07T01:20:00,198.4,Tuesday
2,2025-01-07T01:30:00,154.76,Tuesday
2,2025-01-07T01:40:00,565.1,Tuesday
2,2025-01-07T01:50:00,110.47,Tuesday
2,2025-01-07T02:00:00,246.16,Tuesday
2,2025-01-07T02:10:00,989.46,Tuesday
2,2025-01-07T02:20:00,836.34,Tuesday
2,2025-01-07T02:30:00,714.83,Tuesday
2,2025-01-07T02:40:00,818.84,Tuesday
2,2025-01-07T02:50:00,367.38,Tuesday
2,2025-01-07T03:00:00,995.73,Tuesday
2,2025-01-07T03:10:00,892.01,Tuesday
2,2025-01-07T03:20:00,222.32,Tuesday
2,2025-01-07T03:30:00,469.81,Tuesday
2,2025-01-07T03:40:00,506.02,Tuesday
2,2025-01-07T03:50:00,403.95,Tuesday
2,2025-01-07T04:00:00,967.61,Tuesday
2,2025-01-07T04:10:00,160.5,Tuesday
2,2025-01-07T04:20:00,380.19,Tuesday
2,2025-01-07T04:30:00,354.59,Tuesday
2,2025-01-07T04:40:00,947.39,Tuesday
2,2025-01-07T04:50:00,999.2,Tuesday
2,2025-01-07T05:00:00,480.77,Tuesday
2,2025-01-07T05:10:00,299.01,Tuesday
2,2025-01-07T05:20:00,751.48,Tuesday
2,2025-01-07T05:30:00,332.24,Tuesday
2,2025-01-07T05:40:00,684.49,Tuesday
2,2025-01-07T05:50:00,492.16,Tuesday
2,2025-01-07T06:00:00,812.99,Tuesday
2,2025-01-07T06:10:00,104.48,Tuesday
2,2025-01-07T06:20:00,475.44,Tuesday
2,2025-01-07T06:30:00,197.55,Tuesday
2,2025-01-07T06:40:00,500.03,Tuesday
2,2025-01-07T06:50:00,591.77,Tuesday
2,2025-01-07T07:00:00,851.67,Tuesday
2,2025-01-07T07:10:00,667.31,Tuesday
2,2025-01-07T07:20:00,543.23,Tuesday
2,2025-01-07T07:30:00,914.02,Tuesday
2,2025-01-07T07:40:00,528.23,Tuesday
2,2025-01-07T07:50:00,60.04,Tuesday
2,2025-01-07T08:00:00,164.8,Tuesday
2,2025-01-07T08:10:00,978.22,Tuesday
2,2025-01-07T08:20:00,301.73,Tuesday
2,2025-01-07T08:30:00,911.55,Tuesday
2,2025-01-07T08:40:00,128.93,Tuesday
2,2025-01-07T08:50:00,647.89,Tuesday
2,2025-01-07T09:00:00,689.74,Tuesday
2,2025-01-07T09:10:00,143.16,Tuesday
2,2025-01-07T09:20:00,353.6,Tuesday
2,2025-01-07T09:30:00,993.11,Tuesday
2,2025-01-07T09:40:00,122.74,Tuesday
2,2025-01-07T09:50:00,843.83,Tuesday
2,2025-01-07T10:00:00,122.79,Tuesday
2,2025-01-07T10:10:00,518.12,Tuesday
2,2025-01-07T10:20:00,258.16,Tuesday
2,2025-01-07T10:30:00,569.07,Tuesday
2,2025-01-07T10:40:00,680.15,Tuesday
2,2025-01-07T10:50:00,751.3,Tuesday
2,2025-01-07T11:00:00,835.28,Tuesday
2,2025-01-07T11:10:00,161.7,Tuesday
2,2025-01-07T11:20:00,368.06,Tuesday
2,2025-01-07T11:30:00,47.32,Tuesday
2,2025-01-07T11:40:00,713.65,Tuesday
2,2025-01-07T11:50:00,460.02,Tuesday
2,2025-01-07T12:00:00,655.04,Tuesday
2,2025-01-07T12:10:00,690.44,Tuesday
2,2025-01-07T12:20:00,314.25,Tuesday
2,2025-01-07T12:30:00,937.54,Tuesday
2,2025-01-07T12:40:00,404.61,Tuesday
2,2025-01-07T12:50:00,663.48,Tuesday
2,2025-01-07T13:00:00,584.26,Tuesday
2,2025-01-07T13:10:00,414.43,Tuesday
2,2025-01-07T13:20:00,714.95,Tuesday
2,2025-01-07T13:30:00,213.34,Tuesday
2,2025-01-07T13:40:00,195.72,Tuesday
2,2025-01-07T13:50:00,986.26,Tuesday
2,2025-01-07T14:00:00,650.4,Tuesday
2,2025-01-07T14:10:00,798.05,Tuesday
2,2025-01-07T14:20:00,957.46,Tuesday
2,2025-01-07T14:30:00,750.42,Tuesday
2,2025-01-07T14:40:00,315.8,Tuesday
2,2025-01-07T14:50:00,525.15,Tuesday
2,2025-01-07T15:00:00,940.2,Tuesday
2,2025-01-07T15:10:00,257.24,Tuesday
2,2025-01-07T15:20:00,621.46,Tuesday
2,2025-01-07T15:30:00,597.23,Tuesday
2,2025-01-07T15:40:00,62.67,Tuesday
2,2025-01-07T15:50:00,775.81,Tuesday
2,2025-01-07T16:00:00,673.81,Tuesday
2,2025-01-07T16:10:00,350.15,Tuesday
2,2025-01-07T16:20:00,851.3,Tuesday
2,2025-01-07T16:30:00,614.07,Tuesday
2,2025-01-07T16:40:00,758.6,Tuesday
2,2025-01-07T16:50:00,863.38,Tuesday
2,2025-01-07T17:00:00,411.2,Tuesday
2,2025-01-07T17:10:00,593.15,Tuesday
2,2025-01-07T17:20:00,162.29,Tuesday
2,2025-01-07T17:30:00,756.66,Tuesday
2,2025-01-07T17:40:00,119.66,Tuesday
2,2025-01-07T17:50:00,50.63,Tuesday
2,2025-01-07T18:00:00,720.19,Tuesday
2,2025-01-07T18:10:00,881.57,Tuesday
2,2025-01-07T18:20:00,459.33,Tuesday
2,2025-01-07T18:30:00,614.85,Tuesday
2,2025-01-07T18:40:00,5.39,Tuesday
2,2025-01-07T18:50:00,608.72,Tuesday
2,2025-01-07T19:00:00,510.47,Tuesday
2,2025-01-07T19:10:00,703.01,Tuesday
2,2025-01-07T19:20:00,423.7,Tuesday
2,2025-01-07T19:30:00,78.17,Tuesday
2,2025-01-07T19:40:00,235.91,Tuesday
2,2025-01-07T19:50:00,97.59,Tuesday
2,2025-01-07T20:00:00,973.97,Tuesday
2,2025-01-07T20:10:00,268.86,Tuesday
2,2025-01-07T20:20:00,244.26,Tuesday
2,2025-01-07T20:30:00,920.87,Tuesday
2,2025-01-07T20:40:00,287.95,Tuesday
2,2025-01-07T20:50:00,557.12,Tuesday
2,2025-01-07T21:00:00,916.57,Tuesday
2,2025-01-07T21:10:00,435.2,Tuesday
2,2025-01-07T21:20:00,479.16,Tuesday
2,2025-01-07T21:30:00,576.65,Tuesday
2,2025-01-07T21:40:00,770.15,Tuesday
2,2025-01-07T21:50:00,998.19,Tuesday
2,2025-01-07T22:00:00,260.53,Tuesday
2,2025-01-07T22:10:00,453.25,Tuesday
2,2025-01-07T22:20:00,953.88,Tuesday
2,2025-01-07T22:30:00,446.28,Tuesday
